user_id,5D_vector
1,"[0.6, np.float64(0.5738791623171935), 0.538462674669327, 35808.76, 11]"
2,"[0.2, np.float64(0.5738791623171935), 4.530480943310346, 24282.75, 10]"
3,"[0.6, np.float64(0.5738791623171935), 0.7292769965455533, 107195.7, 41]"
4,"[0.2, np.float64(0.5738791623171935), 0.6225001732439962, 58654.44, 22]"
5,"[1.0, np.float64(0.5738791623171935), 0.9964429760628444, 38103.9, 13]"
6,"[0.4, np.float64(0.5738791623171935), 1.150568632076911, 54115.91, 25]"
7,"[0.9000000000000001, np.float64(0.5738791623171935), 0.8463411165813525, 118462.92, 47]"
8,"[0.4, np.float64(0.5738791623171935), 0.8662974113101889, 23928.78, 9]"
9,"[0.2, np.float64(0.5738791623171935), 1.2302740264348817, 80937.53, 31]"
10,"[0.4000000000000001, np.float64(0.5738791623171935), 3.4479330655313705, 98055.65, 41]"
11,"[0.20000000000000004, np.float64(0.5738791623171935), 0.6644694249376606, 17313.84, 6]"
12,"[0.4, np.float64(0.5738791623171935), 1.6266108094530558, 31735.45, 15]"
13,"[0.4, np.float64(0.5738791623171935), 3.083683575414334, 52931.43, 22]"
14,"[0.4, np.float64(0.5738791623171935), 0.9880646295716989, 108605.8, 38]"
15,"[0.2, np.float64(0.5738791623171935), 2.8670710289936703, 117276.48, 47]"
16,"[0.9, np.float64(0.5738791623171935), 1.971650125070181, 93848.34, 40]"
17,"[0.4000000000000001, np.float64(0.5738791623171935), 0.9890803991391702, 34847.09, 12]"
18,"[1.0, np.float64(0.5738791623171935), 4.0680025675065385, 27554.91, 12]"
19,"[0.4000000000000001, np.float64(0.5738791623171935), 1.3561271163782238, 108670.86, 41]"
20,"[0.4, np.float64(0.5738791623171935), 0.2772822948048026, 15174.84, 5]"
21,"[0.4, np.float64(0.5738791623171935), 1.68378412586232, 148107.78, 50]"
22,"[0.2, np.float64(0.5738791623171935), 2.4696729158581174, 59951.72, 28]"
23,"[0.20000000000000004, np.float64(0.5738791623171935), 0.4705205520447231, 61610.51, 24]"
24,"[1.0, np.float64(0.5738791623171935), 0.4735717921767988, 26294.5, 10]"
25,"[0.2, np.float64(0.5738791623171935), 0.45070257421528326, 77275.75, 33]"
26,"[0.9, np.float64(0.5738791623171935), 2.6603860605377143, 62432.4, 24]"
27,"[0.4, np.float64(0.5738791623171935), 0.33777548198811314, 52127.11, 20]"
28,"[1.0, np.float64(0.5738791623171935), 2.018125377759938, 88008.03, 32]"
29,"[0.2, np.float64(0.5738791623171935), 1.0344666997765086, 64431.81, 28]"
30,"[0.2, np.float64(0.5738791623171935), 0.8190159020258667, 75560.36, 28]"
31,"[1.0, np.float64(0.5738791623171935), 0.8414553725659818, 81625.91, 34]"
32,"[0.4, np.float64(0.5738791623171935), 1.3323752375980704, 96264.75, 44]"
33,"[0.9, np.float64(0.5738791623171935), 2.789191598250172, 57494.17, 25]"
34,"[0.2, np.float64(0.5738791623171935), 1.8784302918343934, 118911.06, 47]"
35,"[0.4000000000000001, np.float64(0.5738791623171935), 2.2518677993980902, 23497.89, 12]"
36,"[0.9, np.float64(0.5738791623171935), 2.104781626851148, 16122.59, 10]"
37,"[0.4, np.float64(0.5738791623171935), 1.852928702010161, 75610.28, 38]"
38,"[0.2, np.float64(0.5738791623171935), 0.46717573044261596, 41232.26, 15]"
39,"[1.0, np.float64(0.5738791623171935), 1.1299506971825384, 95296.73, 38]"
40,"[0.4, np.float64(0.5738791623171935), 0.296961679815154, 25852.82, 9]"
41,"[0.4, np.float64(0.5738791623171935), 1.7389749293041599, 53554.82, 22]"
42,"[0.2, np.float64(0.5738791623171935), 0.16310265840839436, 19010.82, 7]"
43,"[0.4, np.float64(0.5738791623171935), 0.9670803950098577, 109493.35, 47]"
44,"[0.2, np.float64(0.5738791623171935), 0.9344170763573221, 100194.55, 37]"
45,"[0.4, np.float64(0.5738791623171935), 0.8053325959904288, 18584.12, 7]"
46,"[0.9, np.float64(0.5738791623171935), 1.3475285426549906, 96308.04, 38]"
47,"[0.6, np.float64(0.5738791623171935), 3.1324050786318947, 14834.630000000001, 5]"
48,"[0.2, np.float64(0.5738791623171935), 1.2704159788407443, 54995.909999999996, 23]"
49,"[0.4, np.float64(0.5738791623171935), 2.115795816395992, 24997.54, 10]"
50,"[0.4, np.float64(0.5738791623171935), 0.4582346886827655, 54169.57, 20]"
51,"[0.4, np.float64(0.5738791623171935), 0.7860977389029077, 109452.25, 42]"
52,"[0.9, np.float64(0.5738791623171935), 1.8905266833469399, 11756.69, 6]"
53,"[0.6, np.float64(0.5738791623171935), 5.700147395002314, 21783.68, 8]"
54,"[0.9, np.float64(0.5738791623171935), 0.7828069242763036, 27018.31, 16]"
55,"[0.2, np.float64(0.5738791623171935), 0.36561824167932133, 83193.69, 29]"
56,"[0.2, np.float64(0.5738791623171935), 0.41986617373893226, 67317.12, 23]"
57,"[0.5, np.float64(0.5738791623171935), 1.8623866706518406, 89913.55, 41]"
58,"[0.4, np.float64(0.5738791623171935), 1.4910189923815338, 40673.03, 20]"
59,"[0.4, np.float64(0.5738791623171935), 2.5849597311205224, 46410.16, 21]"
60,"[0.20000000000000004, np.float64(0.5738791623171935), 2.1257219641231035, 134482.78, 48]"
61,"[0.2, np.float64(0.5738791623171935), 1.6547466382645926, 87347.52, 35]"
62,"[0.2, np.float64(0.5738791623171935), 0.7691212883291607, 87735.4, 32]"
63,"[0.2, np.float64(0.5738791623171935), 1.3063922874337, 72665.78, 37]"
64,"[0.2, np.float64(0.5738791623171935), 0.4336617283175371, 121833.15, 49]"
65,"[0.39999999999999997, np.float64(0.5738791623171935), 0.4275029322203094, 104342.02, 43]"
66,"[0.2, np.float64(0.5738791623171935), 0.9711688299483422, 78431.1, 31]"
67,"[0.6, np.float64(0.5738791623171935), 1.270049170334004, 62682.54, 24]"
68,"[0.2, np.float64(0.5738791623171935), 1.5045887745828026, 35496.53, 13]"
69,"[0.2, np.float64(0.5738791623171935), 0.8486203177314573, 108254.43000000001, 50]"
70,"[0.4, np.float64(0.5738791623171935), 0.05802917012649748, 24070.75, 8]"
71,"[0.2, np.float64(0.5738791623171935), 1.3587710339319157, 123274.28, 49]"
72,"[0.6, np.float64(0.5738791623171935), 1.9876430770503921, 42918.27, 16]"
73,"[0.9000000000000001, np.float64(0.5738791623171935), 1.483355448608351, 118932.57, 47]"
74,"[0.4000000000000001, np.float64(0.5738791623171935), 1.9046627295258773, 120342.01, 48]"
75,"[0.4, np.float64(0.5738791623171935), 0.8560646550252847, 66176.05, 30]"
76,"[0.4, np.float64(0.5738791623171935), 0.6503550675017022, 96306.54, 37]"
77,"[0.9, np.float64(0.5738791623171935), 2.1445861760512845, 97160.57, 46]"
78,"[0.9, np.float64(0.5738791623171935), 0.3360518285052557, 9132.89, 6]"
79,"[0.2, np.float64(0.5738791623171935), 1.3153139007993733, 116410.33, 46]"
80,"[0.6, np.float64(0.5738791623171935), 2.5486036693057805, 79437.33, 35]"
81,"[0.4, np.float64(0.5738791623171935), 0.9471107601906763, 111387.37, 45]"
82,"[0.2, np.float64(0.5738791623171935), 3.5254091909126, 85194.07, 36]"
83,"[0.4, np.float64(0.5738791623171935), 2.4519311242320234, 37698.04, 18]"
84,"[0.2, np.float64(0.5738791623171935), 3.4667698084884417, 84677.68, 33]"
85,"[0.5, np.float64(0.5738791623171935), 1.2168125186349732, 95761.41, 35]"
86,"[0.2, np.float64(0.5738791623171935), 1.0849197504443973, 69306.36, 27]"
87,"[0.2, np.float64(0.5738791623171935), 3.903311723274718, 21022.629999999997, 9]"
88,"[0.4, np.float64(0.5738791623171935), 0.44915169978425395, 20251.88, 9]"
89,"[0.4, np.float64(0.5738791623171935), 0.39776798507323535, 95238.18000000001, 37]"
90,"[0.2, np.float64(0.5738791623171935), 1.0696000673509716, 105898.65, 47]"
91,"[0.4, np.float64(0.5738791623171935), 2.6693381028191068, 90133.52, 33]"
92,"[0.20000000000000004, np.float64(0.5738791623171935), 1.7956593712506685, 12218.189999999999, 6]"
93,"[0.4, np.float64(0.5738791623171935), 2.302482868080454, 108921.78, 42]"
94,"[0.4, np.float64(0.5738791623171935), 1.471547776592962, 71764.95, 29]"
95,"[0.4, np.float64(0.5738791623171935), 1.1115893726166997, 115503.88, 42]"
96,"[0.2, np.float64(0.5738791623171935), 1.0551810384617086, 65634.78, 26]"
97,"[0.2, np.float64(0.5738791623171935), 0.7434769348706711, 116478.68, 37]"
98,"[0.4, np.float64(0.5738791623171935), 1.1211484243964964, 41242.729999999996, 20]"
99,"[0.2, np.float64(0.5738791623171935), 1.1789321935101253, 38387.54, 19]"
100,"[0.20000000000000004, np.float64(0.5738791623171935), 1.4625566845589342, 116025.67, 41]"
101,"[0.4, np.float64(0.5738791623171935), 6.905799170922707, 48117.51, 16]"
102,"[0.2, np.float64(0.5738791623171935), 2.639797694379043, 60968.37, 26]"
103,"[0.4, np.float64(0.5738791623171935), 0.9614927798540912, 114348.04, 49]"
104,"[0.4000000000000001, np.float64(0.5738791623171935), 2.000272424740477, 13871.04, 6]"
105,"[0.2, np.float64(0.5738791623171935), 1.8899157417611916, 22375.44, 10]"
106,"[0.2, np.float64(0.5738791623171935), 0.7712737105006122, 101189.61, 40]"
107,"[0.2, np.float64(0.5738791623171935), 0.6631090637505549, 21060.829999999998, 7]"
108,"[0.2, np.float64(0.5738791623171935), 0.26316531701211077, 13645.86, 5]"
109,"[0.6, np.float64(0.5738791623171935), 0.8927709107703364, 102505.68, 41]"
110,"[0.2, np.float64(0.5738791623171935), 1.5119856570461627, 64636.86, 23]"
111,"[0.7, np.float64(0.5738791623171935), 0.2965998045505631, 30283.53, 13]"
112,"[0.2, np.float64(0.5738791623171935), 4.423060971071457, 91193.95, 34]"
113,"[0.39999999999999997, np.float64(0.5738791623171935), 0.8825247842308331, 117159.13, 43]"
114,"[0.39999999999999997, np.float64(0.5738791623171935), 0.5607190411521249, 117669.25, 43]"
115,"[0.6, np.float64(0.5738791623171935), 2.8926056537705405, 113349.03, 46]"
116,"[0.9, np.float64(0.5738791623171935), 1.8392702157095047, 120253.62, 50]"
117,"[0.7, np.float64(0.5738791623171935), 0.6979152981007993, 90996.67, 37]"
118,"[0.2, np.float64(0.5738791623171935), 1.4965973413528733, 101091.62, 35]"
119,"[0.2, np.float64(0.5738791623171935), 0.9221717882292003, 67120.02, 25]"
120,"[0.4, np.float64(0.5738791623171935), 1.65441418261954, 56702.909999999996, 22]"
121,"[0.6, np.float64(0.5738791623171935), 0.37805439156369725, 93379.52, 31]"
122,"[0.9, np.float64(0.5738791623171935), 2.311174428732674, 87561.26, 35]"
123,"[0.4, np.float64(0.5738791623171935), 1.6246048036377416, 61280.58, 26]"
124,"[0.2, np.float64(0.5738791623171935), 2.284299453549351, 72170.8, 29]"
125,"[0.2, np.float64(0.5738791623171935), 0.35203503144642617, 69736.9, 29]"
126,"[0.4, np.float64(0.5738791623171935), 0.521349912561969, 80295.65, 33]"
127,"[0.2, np.float64(0.5738791623171935), 1.3077240679897937, 64380.97, 25]"
128,"[0.2, np.float64(0.5738791623171935), 2.417985156561942, 38064.92, 14]"
129,"[0.4, np.float64(0.5738791623171935), 1.2757058484303658, 62793.22, 25]"
130,"[0.6, np.float64(0.5738791623171935), 2.534407548707547, 42919.78, 18]"
131,"[0.4, np.float64(0.5738791623171935), 0.9173136443274682, 64490.24, 26]"
132,"[0.2, np.float64(0.5738791623171935), 0.9833694404786824, 92799.13, 38]"
133,"[0.20000000000000004, np.float64(0.5738791623171935), 0.34331250635925986, 27878.399999999998, 12]"
134,"[0.2, np.float64(0.5738791623171935), 2.135626084716802, 58578.46, 21]"
135,"[0.19999999999999998, np.float64(0.5738791623171935), 0.9617101386040839, 117241.35, 43]"
136,"[0.9, np.float64(0.5738791623171935), 2.101738387621782, 82781.90000000001, 32]"
137,"[0.8, np.float64(0.5738791623171935), -0.17345525903610065, 8482.57, 5]"
138,"[0.2, np.float64(0.5738791623171935), 5.216947717802531, 35782.2, 20]"
139,"[0.4, np.float64(0.5738791623171935), 3.579195293635429, 71897.75, 29]"
140,"[0.2, np.float64(0.5738791623171935), 0.8678804868780601, 95247.98, 36]"
141,"[0.4, np.float64(0.5738791623171935), 0.5623890034175119, 61663.32, 21]"
142,"[0.2, np.float64(0.5738791623171935), 1.7222378899693884, 101152.79000000001, 42]"
143,"[0.4, np.float64(0.5738791623171935), 0.8268445266609273, 45649.87, 20]"
144,"[0.2, np.float64(0.5738791623171935), 1.006032425393641, 53893.76, 21]"
145,"[0.9, np.float64(0.5738791623171935), 1.1061360817425308, 89448.22, 35]"
146,"[0.20000000000000004, np.float64(0.5738791623171935), 1.9329061136447445, 58664.52, 24]"
147,"[0.9, np.float64(0.5738791623171935), 1.1999467676899775, 57499.92, 20]"
148,"[0.4, np.float64(0.5738791623171935), 0.5186739884269002, 42010.51, 16]"
149,"[0.2, np.float64(0.5738791623171935), 0.4944406419488426, 119871.87, 45]"
150,"[0.9, np.float64(0.5738791623171935), 0.7393970730401791, 83114.15, 32]"
151,"[0.2, np.float64(0.5738791623171935), 3.5592696998197964, 66036.99, 30]"
152,"[0.4, np.float64(0.5738791623171935), 1.7696337691323176, 15964.419999999998, 7]"
153,"[0.4, np.float64(0.5738791623171935), 1.2308886082494066, 10725.619999999999, 5]"
154,"[0.2, np.float64(0.5738791623171935), 1.2411186800787803, 64951.08, 28]"
155,"[0.2, np.float64(0.5738791623171935), 0.41196633263389326, 95611.45, 37]"
156,"[0.4, np.float64(0.5738791623171935), 0.31695492349425186, 52401.04, 19]"
157,"[0.4, np.float64(0.5738791623171935), 0.9255213145070363, 66257.26, 32]"
158,"[0.4, np.float64(0.5738791623171935), 1.3452880939674463, 69465.97, 27]"
159,"[0.6, np.float64(0.5738791623171935), 0.8487095010951634, 96140.1, 35]"
160,"[0.4, np.float64(0.5738791623171935), 0.8738203764906298, 89435.93, 31]"
161,"[0.9, np.float64(0.5738791623171935), 0.495131330074676, 26312.690000000002, 10]"
162,"[0.4, np.float64(0.5738791623171935), 1.141443439459561, 51704.76, 26]"
163,"[0.2, np.float64(0.5738791623171935), 1.2379902129478615, 108849.88, 44]"
164,"[0.6, np.float64(0.5738791623171935), 0.8216304733577149, 72212.04, 28]"
165,"[0.2, np.float64(0.5738791623171935), 0.7007507406043043, 46198.77, 14]"
166,"[0.9, np.float64(0.5738791623171935), 0.9655291790009113, 127587.91, 46]"
167,"[0.4, np.float64(0.5738791623171935), 0.7086306751544647, 85206.35, 36]"
168,"[0.6, np.float64(0.5738791623171935), 1.0950733479094519, 40948.0, 18]"
169,"[0.4, np.float64(0.5738791623171935), 0.8588708616336322, 70316.18, 27]"
170,"[0.2, np.float64(0.5738791623171935), 0.5770723738977126, 130951.1, 49]"
171,"[0.4, np.float64(0.5738791623171935), 0.2620871677606521, 51554.6, 21]"
172,"[0.6, np.float64(0.5738791623171935), 2.3690283246645083, 74576.37, 28]"
173,"[0.20000000000000004, np.float64(0.5738791623171935), 0.6507227666324147, 15017.4, 6]"
174,"[0.4, np.float64(0.5738791623171935), 2.680366232581807, 15501.45, 8]"
175,"[0.2, np.float64(0.5738791623171935), 1.1515941842282926, 37261.61, 15]"
176,"[0.4, np.float64(0.5738791623171935), 0.42286095947808505, 39900.130000000005, 13]"
177,"[0.20000000000000004, np.float64(0.5738791623171935), 0.630242793650873, 35201.79, 12]"
178,"[0.20000000000000004, np.float64(0.5738791623171935), 0.9257493522208415, 13553.23, 6]"
179,"[0.2, np.float64(0.5738791623171935), 0.9547734201906978, 101876.88, 45]"
180,"[0.4, np.float64(0.5738791623171935), 0.5703207317274809, 124033.86, 46]"
181,"[0.2, np.float64(0.5738791623171935), 1.0488080650876594, 104224.28, 42]"
182,"[0.4, np.float64(0.5738791623171935), 1.1410270042106363, 76460.91, 34]"
183,"[0.6, np.float64(0.5738791623171935), 2.1332372187973725, 99387.39, 43]"
184,"[0.4, np.float64(0.5738791623171935), 1.6392509775295054, 68049.45999999999, 28]"
185,"[0.2, np.float64(0.5738791623171935), 2.115443443414541, 26728.899999999998, 13]"
186,"[0.2, np.float64(0.5738791623171935), 1.0102828397957455, 102761.39, 42]"
187,"[0.2, np.float64(0.5738791623171935), 0.9061915830748037, 52301.98, 19]"
188,"[1.0, np.float64(0.5738791623171935), 1.0480519301943783, 62359.63, 24]"
189,"[0.4, np.float64(0.5738791623171935), 2.009379191064397, 91084.13, 38]"
190,"[0.2, np.float64(0.5738791623171935), 0.8429139561239894, 58277.33, 27]"
191,"[0.8, np.float64(0.5738791623171935), 1.779798302819555, 114972.45, 47]"
192,"[0.2, np.float64(0.5738791623171935), 0.39912564190839483, 121945.93000000001, 49]"
193,"[0.7, np.float64(0.5738791623171935), 1.4736752342971318, 110666.08, 42]"
194,"[0.9000000000000001, np.float64(0.5738791623171935), 1.3434948463062097, 111502.35, 47]"
195,"[0.4, np.float64(0.5738791623171935), 1.4579052774905044, 20875.32, 9]"
196,"[0.2, np.float64(0.5738791623171935), 0.8545297518685522, 14478.11, 7]"
197,"[0.7, np.float64(0.5738791623171935), 2.9753842556643404, 86481.31, 37]"
198,"[0.4, np.float64(0.5738791623171935), 0.45452466554617393, 61123.07, 23]"
199,"[0.6, np.float64(0.5738791623171935), 0.4417992368920982, 26395.52, 9]"
200,"[0.2, np.float64(0.5738791623171935), 0.7746981877391355, 35143.07, 14]"
201,"[0.4, np.float64(0.5738791623171935), 3.5897260334314387, 82212.83, 34]"
202,"[0.4, np.float64(0.5738791623171935), 0.6902753928338073, 100287.06, 38]"
203,"[0.4, np.float64(0.5738791623171935), 0.5518568283474639, 79345.97, 29]"
204,"[0.2, np.float64(0.5738791623171935), 0.586961303727332, 28067.01, 11]"
205,"[0.2, np.float64(0.5738791623171935), 0.2644020943252405, 21164.34, 8]"
206,"[0.2, np.float64(0.5738791623171935), 0.9564034809279491, 73486.92, 31]"
207,"[0.9, np.float64(0.5738791623171935), 1.2928661470164189, 42426.79, 15]"
208,"[0.9, np.float64(0.5738791623171935), 1.7294664374099094, 108392.99, 45]"
209,"[0.2, np.float64(0.5738791623171935), 0.662258896783307, 79673.6, 30]"
210,"[0.2, np.float64(0.5738791623171935), 1.1269186242599691, 105270.89, 40]"
211,"[0.4, np.float64(0.5738791623171935), 3.384929662776831, 65287.47, 27]"
212,"[0.4, np.float64(0.5738791623171935), 0.8422093437155717, 73937.89, 28]"
213,"[0.4, np.float64(0.5738791623171935), 0.6333347764455137, 99879.36, 44]"
214,"[0.4, np.float64(0.5738791623171935), 0.47542874881178254, 103465.69, 39]"
215,"[0.4, np.float64(0.5738791623171935), 3.2232153318406525, 40074.43, 18]"
216,"[0.2, np.float64(0.5738791623171935), 0.7972380095737222, 57566.55, 21]"
217,"[0.4, np.float64(0.5738791623171935), 0.9006654517521656, 73539.69, 33]"
218,"[0.4, np.float64(0.5738791623171935), 1.516289282965701, 71681.87, 31]"
219,"[0.2, np.float64(0.5738791623171935), 0.585404543279806, 72363.05, 26]"
220,"[0.2, np.float64(0.5738791623171935), 2.594798033407896, 111257.94, 47]"
221,"[0.4, np.float64(0.5738791623171935), 0.28606769030064677, 53015.479999999996, 21]"
222,"[0.4, np.float64(0.5738791623171935), 2.5186535965275403, 80005.81, 31]"
223,"[0.9, np.float64(0.5738791623171935), 2.619526721208874, 81679.52, 31]"
224,"[0.2, np.float64(0.5738791623171935), 1.6081586088880915, 130105.45999999999, 47]"
225,"[0.2, np.float64(0.5738791623171935), 0.48553544866624104, 96839.2, 37]"
226,"[0.4, np.float64(0.5738791623171935), 0.21852875242832417, 28419.27, 10]"
227,"[0.4, np.float64(0.5738791623171935), 2.2235837037966593, 65897.86, 28]"
228,"[0.9000000000000001, np.float64(0.5738791623171935), 1.2927948815027657, 110027.71, 47]"
229,"[0.4, np.float64(0.5738791623171935), 0.8277876784471735, 39677.229999999996, 20]"
230,"[0.4, np.float64(0.5738791623171935), 0.06834241987652198, 20283.14, 5]"
231,"[0.4, np.float64(0.5738791623171935), 2.3843974727638826, 96472.69, 39]"
232,"[0.2, np.float64(0.5738791623171935), 5.370082225824443, 18746.14, 8]"
233,"[0.4, np.float64(0.5738791623171935), 0.7577848944150305, 39773.409999999996, 19]"
234,"[0.6, np.float64(0.5738791623171935), 1.4633406464372927, 99817.0, 39]"
235,"[0.2, np.float64(0.5738791623171935), 1.9530345154726445, 94708.69, 42]"
236,"[0.4, np.float64(0.5738791623171935), 0.7652924568683975, 89048.78, 35]"
237,"[0.4, np.float64(0.5738791623171935), 1.2069971280920473, 74746.06, 33]"
238,"[0.4000000000000001, np.float64(0.5738791623171935), 1.1776272431212724, 120368.2, 48]"
239,"[0.4, np.float64(0.5738791623171935), 2.495087732879174, 116563.27, 46]"
240,"[0.2, np.float64(0.5738791623171935), 0.8205736017184931, 61043.02, 27]"
241,"[0.2, np.float64(0.5738791623171935), 0.27929773602798846, 54438.92, 16]"
242,"[0.4, np.float64(0.5738791623171935), 1.0137333622640157, 70851.03, 29]"
243,"[0.9, np.float64(0.5738791623171935), 0.8138385136994722, 45695.95, 19]"
244,"[0.2, np.float64(0.5738791623171935), 1.0815930149567512, 65456.74, 26]"
245,"[0.4, np.float64(0.5738791623171935), 4.417339386253758, 53070.29, 23]"
246,"[0.2, np.float64(0.5738791623171935), 1.6400323484476496, 55864.78, 19]"
247,"[0.2, np.float64(0.5738791623171935), 0.9781726224870562, 110246.52, 40]"
248,"[0.4, np.float64(0.5738791623171935), 1.4883118385939373, 104098.62, 40]"
249,"[0.4000000000000001, np.float64(0.5738791623171935), 1.6732349922196295, 13231.39, 6]"
250,"[0.2, np.float64(0.5738791623171935), 1.0315343872018252, 87980.0, 35]"
251,"[0.4, np.float64(0.5738791623171935), 0.6189607709177968, 51814.35, 15]"
252,"[0.6, np.float64(0.5738791623171935), 0.42478621357466334, 20912.86, 7]"
253,"[0.6, np.float64(0.5738791623171935), 0.4880908824623927, 128366.44, 44]"
254,"[0.4, np.float64(0.5738791623171935), 0.057546957555625604, 20118.21, 8]"
255,"[0.2, np.float64(0.5738791623171935), 0.39186632323649867, 28174.98, 10]"
256,"[0.4, np.float64(0.5738791623171935), 0.6973420462446801, 22890.9, 8]"
257,"[0.2, np.float64(0.5738791623171935), 2.2048079392632527, 18324.6, 7]"
258,"[0.2, np.float64(0.5738791623171935), 0.6302823482827653, 28636.14, 9]"
259,"[0.9, np.float64(0.5738791623171935), 1.511048519266589, 79959.23, 28]"
260,"[0.2, np.float64(0.5738791623171935), 0.07974148254645994, 34502.95, 11]"
261,"[0.9, np.float64(0.5738791623171935), 0.2794030169806346, 40323.97, 12]"
262,"[0.4, np.float64(0.5738791623171935), 0.6864442455424948, 28178.7, 11]"
263,"[0.4, np.float64(0.5738791623171935), 1.1330773224944233, 79583.99, 33]"
264,"[0.2, np.float64(0.5738791623171935), 2.327395346461661, 71642.72, 30]"
265,"[0.9000000000000001, np.float64(0.5738791623171935), 1.8695273873183134, 41767.57, 13]"
266,"[0.9, np.float64(0.5738791623171935), 2.5732701741352266, 122290.57, 50]"
267,"[0.2, np.float64(0.5738791623171935), 0.6848692617613776, 36930.33, 15]"
268,"[0.6, np.float64(0.5738791623171935), 0.9650756343528288, 44021.78, 20]"
269,"[0.9000000000000001, np.float64(0.5738791623171935), 0.37354267997778406, 54437.45, 21]"
270,"[0.2, np.float64(0.5738791623171935), 0.39452576606829376, 48978.07, 16]"
271,"[0.20000000000000004, np.float64(0.5738791623171935), 1.3442084531931422, 43265.83, 24]"
272,"[0.4, np.float64(0.5738791623171935), 1.1396592693135132, 41112.44, 18]"
273,"[0.4, np.float64(0.5738791623171935), 1.24703852335542, 67181.88, 27]"
274,"[0.2, np.float64(0.5738791623171935), 0.36505230788303833, 106908.42, 39]"
275,"[0.7, np.float64(0.5738791623171935), 0.2786407224618153, 43017.909999999996, 16]"
276,"[0.2, np.float64(0.5738791623171935), 0.3425021227807289, 14596.61, 5]"
277,"[0.4, np.float64(0.5738791623171935), 0.3680002698227245, 113888.44, 49]"
278,"[0.4, np.float64(0.5738791623171935), 1.576682667651964, 96342.53, 40]"
279,"[0.4, np.float64(0.5738791623171935), 0.023087450775358072, 18883.24, 8]"
280,"[0.2, np.float64(0.5738791623171935), 1.3435335506829815, 68891.88, 30]"
281,"[0.2, np.float64(0.5738791623171935), 2.683427751740252, 32610.79, 14]"
282,"[0.2, np.float64(0.5738791623171935), 0.2783013187559587, 62256.89, 28]"
283,"[0.4, np.float64(0.5738791623171935), 1.9201104975102408, 77450.41, 28]"
284,"[0.6, np.float64(0.5738791623171935), 0.7045510335755586, 95132.93000000001, 40]"
285,"[0.9, np.float64(0.5738791623171935), 3.4148413617058546, 109858.75, 43]"
286,"[0.4, np.float64(0.5738791623171935), 0.30120191297911486, 35530.83, 14]"
287,"[0.2, np.float64(0.5738791623171935), 1.4481627166287954, 108303.31, 46]"
288,"[0.2, np.float64(0.5738791623171935), 1.4813024751470996, 75260.8, 31]"
289,"[0.2, np.float64(0.5738791623171935), 1.5828566138294615, 69090.0, 26]"
290,"[0.6, np.float64(0.5738791623171935), 1.2782519260033807, 114593.06999999999, 42]"
291,"[0.2, np.float64(0.5738791623171935), 2.6116782609861406, 106116.71, 44]"
292,"[0.9, np.float64(0.5738791623171935), 1.9716924482500795, 114398.65, 43]"
293,"[0.2, np.float64(0.5738791623171935), 2.0641426908333367, 64857.46, 27]"
294,"[0.2, np.float64(0.5738791623171935), 2.698353866891197, 54137.450000000004, 21]"
295,"[0.4, np.float64(0.5738791623171935), 1.9203960212136715, 105422.88, 50]"
296,"[0.20000000000000004, np.float64(0.5738791623171935), 0.7050864724659559, 55997.12, 24]"
297,"[0.2, np.float64(0.5738791623171935), 0.4031051921350102, 61024.43, 23]"
298,"[0.9000000000000001, np.float64(0.5738791623171935), 2.46923685530541, 92191.48, 42]"
299,"[0.4000000000000001, np.float64(0.5738791623171935), 1.2961440412797518, 107489.8, 48]"
300,"[0.4, np.float64(0.5738791623171935), 2.2291441133430885, 110406.24, 45]"
301,"[0.8999999999999999, np.float64(0.5738791623171935), 3.0932221207785338, 119150.03, 41]"
302,"[1.0, np.float64(0.5738791623171935), 0.7473810072539782, 19905.54, 11]"
303,"[0.4, np.float64(0.5738791623171935), 1.4992779237169827, 68360.91, 23]"
304,"[0.2, np.float64(0.5738791623171935), 1.3452331429028845, 85635.51, 28]"
305,"[0.2, np.float64(0.5738791623171935), 1.2336516531746198, 96682.46, 35]"
306,"[0.4, np.float64(0.5738791623171935), 0.6430245185913904, 111123.05, 45]"
307,"[0.2, np.float64(0.5738791623171935), 0.1659161355021663, 34793.1, 13]"
308,"[0.6, np.float64(0.5738791623171935), 1.1880404232837685, 48915.6, 19]"
309,"[0.6, np.float64(0.5738791623171935), 0.6364025329437207, 22258.53, 8]"
310,"[0.4, np.float64(0.5738791623171935), 0.5547377891465729, 28538.12, 11]"
311,"[0.4, np.float64(0.5738791623171935), 1.822844883361046, 93171.23, 36]"
312,"[0.2, np.float64(0.5738791623171935), 1.216092693743937, 64289.64, 28]"
313,"[0.4, np.float64(0.5738791623171935), 1.2006733489056776, 63769.16, 20]"
314,"[0.2, np.float64(0.5738791623171935), 0.4311522768754236, 35695.85, 15]"
315,"[0.4, np.float64(0.5738791623171935), 2.391865725526093, 76851.85, 32]"
316,"[0.2, np.float64(0.5738791623171935), 1.4157103926522612, 102847.1, 38]"
317,"[0.4, np.float64(0.5738791623171935), 0.7866285910974473, 126517.55, 46]"
318,"[0.6, np.float64(0.5738791623171935), 0.5959263873460833, 53094.23, 19]"
319,"[0.4000000000000001, np.float64(0.5738791623171935), 3.086580456500399, 13250.970000000001, 6]"
320,"[0.9, np.float64(0.5738791623171935), 2.399961114553895, 19460.56, 8]"
321,"[0.2, np.float64(0.5738791623171935), 1.2663770511594163, 135812.97, 47]"
322,"[0.2, np.float64(0.5738791623171935), 2.1292110685274914, 14042.61, 5]"
323,"[0.2, np.float64(0.5738791623171935), 0.5351030633706907, 46760.73, 16]"
324,"[0.2, np.float64(0.5738791623171935), 0.35841751261838994, 25717.620000000003, 10]"
325,"[0.6, np.float64(0.5738791623171935), 1.9221108866052745, 73755.37, 30]"
326,"[0.4, np.float64(0.5738791623171935), 1.4023216180374691, 27026.41, 11]"
327,"[0.4, np.float64(0.5738791623171935), 2.3172956757307053, 129266.67, 49]"
328,"[0.4000000000000001, np.float64(0.5738791623171935), 0.009564078838988976, 16745.620000000003, 6]"
329,"[0.4, np.float64(0.5738791623171935), 2.7671736049321636, 54926.28, 21]"
330,"[0.2, np.float64(0.5738791623171935), 1.1724818409765274, 50383.1, 21]"
331,"[0.6, np.float64(0.5738791623171935), 0.48182166281007094, 92183.5, 39]"
332,"[0.4, np.float64(0.5738791623171935), 0.9860359760033419, 89500.44, 37]"
333,"[0.2, np.float64(0.5738791623171935), 0.6454039988320984, 112681.65, 44]"
334,"[0.2, np.float64(0.5738791623171935), 0.7974973008355659, 84304.03, 29]"
335,"[0.4, np.float64(0.5738791623171935), 1.4163709377997806, 92986.92, 42]"
336,"[0.4, np.float64(0.5738791623171935), 1.0361471134279558, 135892.87, 49]"
337,"[0.20000000000000004, np.float64(0.5738791623171935), 0.6531139883987612, 49433.46, 24]"
338,"[0.20000000000000004, np.float64(0.5738791623171935), 2.048507691102917, 109868.29, 48]"
339,"[0.4, np.float64(0.5738791623171935), 0.9018312081858953, 60789.72, 22]"
340,"[0.2, np.float64(0.5738791623171935), 1.1352970886817149, 115026.13, 49]"
341,"[0.4000000000000001, np.float64(0.5738791623171935), 0.5876882791051181, 15148.41, 6]"
342,"[0.2, np.float64(0.5738791623171935), 2.5587266760808545, 49888.8, 22]"
343,"[0.9, np.float64(0.5738791623171935), 0.866672402283674, 59724.979999999996, 22]"
344,"[0.2, np.float64(0.5738791623171935), 2.1697205285479724, 55241.61, 26]"
345,"[0.2, np.float64(0.5738791623171935), 0.538271404763322, 46970.57, 18]"
346,"[0.4, np.float64(0.5738791623171935), 0.5921191601553517, 99495.26, 40]"
347,"[0.9, np.float64(0.5738791623171935), 1.6554330333037222, 84654.56, 38]"
348,"[0.20000000000000004, np.float64(0.5738791623171935), 5.0969923413923475, 10760.9, 6]"
349,"[0.20000000000000004, np.float64(0.5738791623171935), 0.4008973019576506, 94099.51, 41]"
350,"[1.0, np.float64(0.5738791623171935), 0.6802832400847905, 89289.14, 33]"
351,"[0.2, np.float64(0.5738791623171935), 1.621082217624825, 96478.54000000001, 38]"
352,"[0.6, np.float64(0.5738791623171935), 2.729964886352177, 105577.92, 46]"
353,"[0.4, np.float64(0.5738791623171935), 0.6677492288591691, 133513.63, 49]"
354,"[0.4, np.float64(0.5738791623171935), 0.1396621858798094, 62479.98, 20]"
355,"[0.39999999999999997, np.float64(0.5738791623171935), 1.1575714777676105, 102133.66, 43]"
356,"[0.4000000000000001, np.float64(0.5738791623171935), 0.6527631189050109, 36588.67, 12]"
357,"[0.2, np.float64(0.5738791623171935), 1.0531400233422745, 69120.65, 27]"
358,"[0.4, np.float64(0.5738791623171935), 1.1282955807425459, 60826.8, 25]"
359,"[0.4, np.float64(0.5738791623171935), 0.4422191704002805, 73998.76, 33]"
360,"[0.4, np.float64(0.5738791623171935), 1.6954136605908159, 108561.06, 47]"
361,"[0.4, np.float64(0.5738791623171935), 0.1076408533989662, 14894.99, 5]"
362,"[0.2, np.float64(0.5738791623171935), 1.027470282124938, 77999.83, 33]"
363,"[0.20000000000000004, np.float64(0.5738791623171935), 1.1368627483165041, 63896.39, 24]"
364,"[0.4, np.float64(0.5738791623171935), 1.4262122823086631, 78468.0, 29]"
365,"[0.2, np.float64(0.5738791623171935), 1.2705531168021555, 98901.62, 37]"
366,"[1.0, np.float64(0.5738791623171935), 0.8058680029268924, 79264.98, 31]"
367,"[0.4, np.float64(0.5738791623171935), 2.447544592600757, 48522.39, 21]"
368,"[0.4, np.float64(0.5738791623171935), 5.348836318446227, 39719.12, 18]"
369,"[0.6, np.float64(0.5738791623171935), 0.8527890829322372, 64574.69, 25]"
370,"[0.2, np.float64(0.5738791623171935), 0.9894140557683059, 72992.9, 35]"
371,"[0.2, np.float64(0.5738791623171935), 1.037839433863618, 22081.97, 7]"
372,"[0.4, np.float64(0.5738791623171935), 0.31986517682854876, 74639.70999999999, 26]"
373,"[0.2, np.float64(0.5738791623171935), 0.15523412310931192, 26414.84, 10]"
374,"[0.2, np.float64(0.5738791623171935), 0.7033618654698216, 107231.84, 42]"
375,"[0.6, np.float64(0.5738791623171935), 0.6080721434335125, 73166.14, 34]"
376,"[0.4, np.float64(0.5738791623171935), 1.490343859126172, 119565.76, 50]"
377,"[0.9, np.float64(0.5738791623171935), 1.0724531316674069, 101946.11, 45]"
378,"[0.2, np.float64(0.5738791623171935), 1.2749188359000767, 119317.37, 45]"
379,"[0.2, np.float64(0.5738791623171935), 2.0557573313229303, 26585.22, 11]"
380,"[0.4, np.float64(0.5738791623171935), 0.32084381284810776, 53698.31, 16]"
381,"[0.4, np.float64(0.5738791623171935), 0.7227346315741966, 44847.07, 15]"
382,"[0.4, np.float64(0.5738791623171935), 3.7032424058635205, 51373.18, 23]"
383,"[0.4000000000000001, np.float64(0.5738791623171935), 0.5127665213345735, 64973.09, 24]"
384,"[0.4, np.float64(0.5738791623171935), 0.7113519003357893, 89345.61, 37]"
385,"[0.2, np.float64(0.5738791623171935), 0.6660272613076301, 41082.82, 20]"
386,"[0.4, np.float64(0.5738791623171935), 1.5329226891715821, 58337.24, 28]"
387,"[0.6, np.float64(0.5738791623171935), 1.167461866082725, 53563.4, 22]"
388,"[0.4, np.float64(0.5738791623171935), 2.999699952731175, 59312.509999999995, 25]"
389,"[0.2, np.float64(0.5738791623171935), 0.15812738836050935, 22954.52, 9]"
390,"[0.4, np.float64(0.5738791623171935), 0.5529594614417433, 90222.69, 37]"
391,"[0.2, np.float64(0.5738791623171935), 0.5241709296737441, 68099.14, 28]"
392,"[0.4000000000000001, np.float64(0.5738791623171935), 0.5136369427058486, 31243.48, 12]"
393,"[0.20000000000000004, np.float64(0.5738791623171935), 0.30788625440128525, 63900.31, 24]"
394,"[0.2, np.float64(0.5738791623171935), 0.5518901946219434, 20097.85, 10]"
395,"[0.4, np.float64(0.5738791623171935), 2.841029688062286, 23885.47, 9]"
396,"[0.2, np.float64(0.5738791623171935), 0.2762417281942704, 40270.590000000004, 13]"
397,"[0.4, np.float64(0.5738791623171935), 0.8330156409189335, 124078.18000000001, 49]"
398,"[0.20000000000000004, np.float64(0.5738791623171935), 0.5865010471695773, 34724.24, 12]"
399,"[0.4, np.float64(0.5738791623171935), 1.614260837998093, 75987.26, 32]"
400,"[0.2, np.float64(0.5738791623171935), 1.4251247349353364, 75942.59, 27]"
401,"[0.4, np.float64(0.5738791623171935), 1.4880757773939872, 88799.39, 40]"
402,"[0.2, np.float64(0.5738791623171935), 0.9557521245168523, 19127.4, 7]"
403,"[0.20000000000000004, np.float64(0.5738791623171935), 0.4531899755032347, 15524.45, 6]"
404,"[0.4, np.float64(0.5738791623171935), 1.0514648613044972, 99005.86, 40]"
405,"[0.7, np.float64(0.5738791623171935), 0.8690648549187534, 56505.880000000005, 26]"
406,"[0.9, np.float64(0.5738791623171935), 1.5868648544105524, 75790.92, 27]"
407,"[0.2, np.float64(0.5738791623171935), 0.3259086952442295, 81332.81, 27]"
408,"[0.6, np.float64(0.5738791623171935), 1.0390137520989389, 43867.770000000004, 17]"
409,"[0.2, np.float64(0.5738791623171935), 0.08894111007747932, 16618.59, 5]"
410,"[0.2, np.float64(0.5738791623171935), 0.689587196856224, 59334.17, 28]"
411,"[0.2, np.float64(0.5738791623171935), 0.7626864204385845, 67935.97, 34]"
412,"[1.0, np.float64(0.5738791623171935), 1.730185083499635, 90368.81, 40]"
413,"[0.4, np.float64(0.5738791623171935), 0.6510714138134717, 58040.45, 20]"
414,"[0.4, np.float64(0.5738791623171935), 1.9939149052311231, 96106.26, 35]"
415,"[0.4, np.float64(0.5738791623171935), 0.7550516975743403, 56539.89, 21]"
416,"[0.4000000000000001, np.float64(0.5738791623171935), 0.7733510610394091, 106082.36, 41]"
417,"[0.2, np.float64(0.5738791623171935), 0.7547949281857488, 129576.62, 50]"
418,"[0.4, np.float64(0.5738791623171935), 2.2016003802822497, 69989.52, 29]"
419,"[0.9000000000000001, np.float64(0.5738791623171935), 1.2360851424105372, 123491.87, 47]"
420,"[0.2, np.float64(0.5738791623171935), 1.4851105162460687, 71762.58, 29]"
421,"[0.20000000000000004, np.float64(0.5738791623171935), 1.3108122807822244, 41277.07, 12]"
422,"[0.4, np.float64(0.5738791623171935), 1.9909165698204898, 109110.03, 44]"
423,"[0.4, np.float64(0.5738791623171935), 0.7049162760733442, 119004.78, 47]"
424,"[0.2, np.float64(0.5738791623171935), 0.704745860931584, 30109.7, 14]"
425,"[0.7, np.float64(0.5738791623171935), 0.8977022171976571, 88806.4, 39]"
426,"[0.2, np.float64(0.5738791623171935), 0.4715596033476003, 43176.74, 17]"
427,"[0.9, np.float64(0.5738791623171935), 1.002892597371593, 18857.46, 6]"
428,"[0.6, np.float64(0.5738791623171935), 0.8140291769937189, 99346.76, 41]"
429,"[0.9, np.float64(0.5738791623171935), 1.6593430016026696, 75619.29, 32]"
430,"[0.2, np.float64(0.5738791623171935), 1.5065428029777306, 36484.59, 14]"
431,"[0.4, np.float64(0.5738791623171935), 0.3440199528196795, 33552.61, 16]"
432,"[0.2, np.float64(0.5738791623171935), 0.9265916987734139, 30627.32, 14]"
433,"[0.2, np.float64(0.5738791623171935), 1.1066503835364216, 85646.65, 30]"
434,"[0.4, np.float64(0.5738791623171935), 2.1608075811057956, 115709.62, 38]"
435,"[0.4, np.float64(0.5738791623171935), 1.6330001115310864, 83828.35, 36]"
436,"[0.4, np.float64(0.5738791623171935), 1.086873709008266, 77408.54, 33]"
437,"[0.2, np.float64(0.5738791623171935), 1.6331545313068454, 34558.8, 10]"
438,"[0.20000000000000004, np.float64(0.5738791623171935), 1.245357603229028, 112132.68, 41]"
439,"[0.6, np.float64(0.5738791623171935), 2.3840189032172567, 25898.239999999998, 11]"
440,"[0.4, np.float64(0.5738791623171935), 3.3318657990401555, 111870.91, 44]"
441,"[0.4, np.float64(0.5738791623171935), 1.470254609750594, 85012.61, 36]"
442,"[0.2, np.float64(0.5738791623171935), 3.7520549497529623, 13469.18, 5]"
443,"[0.4, np.float64(0.5738791623171935), 0.7105912130490412, 43129.94, 16]"
444,"[0.2, np.float64(0.5738791623171935), 0.36432925970633034, 52639.42, 26]"
445,"[0.4, np.float64(0.5738791623171935), 1.021455500783384, 59375.95, 26]"
446,"[0.6, np.float64(0.5738791623171935), 1.002961938474905, 115536.54, 46]"
447,"[0.4, np.float64(0.5738791623171935), 3.413173020063976, 112984.01, 47]"
448,"[0.6, np.float64(0.5738791623171935), 0.8191387339507679, 117742.42, 43]"
449,"[0.4, np.float64(0.5738791623171935), 1.1312629456713819, 72099.5, 26]"
450,"[0.4, np.float64(0.5738791623171935), 0.6471922023681617, 117600.53, 46]"
451,"[0.2, np.float64(0.5738791623171935), 1.1349456025063593, 70454.47, 27]"
452,"[0.9, np.float64(0.5738791623171935), 2.804757417795333, 78338.06, 30]"
453,"[0.4, np.float64(0.5738791623171935), 0.8471515434556016, 48069.92, 20]"
454,"[0.4, np.float64(0.5738791623171935), 1.1687897910530611, 111020.75, 46]"
455,"[0.2, np.float64(0.5738791623171935), 1.4246932519846915, 113858.16, 45]"
456,"[0.6, np.float64(0.5738791623171935), 4.150239351974556, 80256.26, 28]"
457,"[0.4, np.float64(0.5738791623171935), 0.42299191931847635, 101392.43, 39]"
458,"[0.4, np.float64(0.5738791623171935), 2.0184682002056307, 72415.35, 28]"
459,"[0.2, np.float64(0.5738791623171935), 1.1682020520146048, 82776.68, 29]"
460,"[0.2, np.float64(0.5738791623171935), 1.7237103623591004, 64988.72, 25]"
461,"[0.4, np.float64(0.5738791623171935), 0.7964466444692792, 88615.3, 34]"
462,"[0.2, np.float64(0.5738791623171935), 0.9094162425675323, 56040.17, 22]"
463,"[0.9000000000000001, np.float64(0.5738791623171935), 1.598274571662204, 77825.98999999999, 26]"
464,"[0.8, np.float64(0.5738791623171935), 1.1401963229744674, 23391.21, 15]"
465,"[0.6, np.float64(0.5738791623171935), 1.4247130573966784, 36065.85, 19]"
466,"[0.2, np.float64(0.5738791623171935), 1.6554574784725606, 34448.93, 15]"
467,"[0.2, np.float64(0.5738791623171935), 0.18089401974066144, 29203.48, 8]"
468,"[0.8, np.float64(0.5738791623171935), 1.674613679602828, 125706.87, 47]"
469,"[0.4, np.float64(0.5738791623171935), 1.2673663584079495, 117731.46, 47]"
470,"[0.9, np.float64(0.5738791623171935), 1.107258526379879, 113046.6, 44]"
471,"[0.4, np.float64(0.5738791623171935), 2.0191086353707535, 64029.64, 26]"
472,"[0.9, np.float64(0.5738791623171935), 1.9226782091720966, 136153.23, 46]"
473,"[0.9, np.float64(0.5738791623171935), 1.9385962354798187, 45799.08, 17]"
474,"[0.4, np.float64(0.5738791623171935), 1.9026192383645584, 65286.35, 30]"
475,"[0.4, np.float64(0.5738791623171935), 0.8034360031586288, 59442.35, 25]"
476,"[0.4, np.float64(0.5738791623171935), 5.855381571756471, 19879.010000000002, 7]"
477,"[0.4, np.float64(0.5738791623171935), 1.6079766156243476, 125398.79, 47]"
478,"[0.2, np.float64(0.5738791623171935), 0.6861184343105978, 154740.19, 49]"
479,"[0.4000000000000001, np.float64(0.5738791623171935), 1.6164008730875168, 101429.41, 41]"
480,"[0.2, np.float64(0.5738791623171935), 1.2230184862283762, 64403.32, 25]"
481,"[0.2, np.float64(0.5738791623171935), 0.5187348950109777, 124451.48, 49]"
482,"[0.4, np.float64(0.5738791623171935), 2.0489737260357748, 55363.340000000004, 27]"
483,"[0.4, np.float64(0.5738791623171935), 4.503400290750755, 68497.57, 28]"
484,"[0.2, np.float64(0.5738791623171935), 0.5776172082227378, 52916.11, 20]"
485,"[0.4, np.float64(0.5738791623171935), 0.45881871011771025, 21419.23, 10]"
486,"[0.2, np.float64(0.5738791623171935), 1.8034514819352652, 78872.58, 32]"
487,"[0.2, np.float64(0.5738791623171935), 2.566844160240291, 16686.56, 5]"
488,"[0.4, np.float64(0.5738791623171935), 1.1044485685590155, 84768.5, 28]"
489,"[0.2, np.float64(0.5738791623171935), 0.09487659067546643, 68432.4, 22]"
490,"[0.2, np.float64(0.5738791623171935), 1.4488602809741462, 55613.9, 21]"
491,"[0.4, np.float64(0.5738791623171935), 5.51845911958357, 27100.6, 16]"
492,"[0.4, np.float64(0.5738791623171935), 0.6185282595807224, 121096.14, 50]"
493,"[0.4000000000000001, np.float64(0.5738791623171935), 0.49672364218471615, 105016.49, 41]"
494,"[0.4, np.float64(0.5738791623171935), 1.8292686292686904, 12253.92, 5]"
495,"[0.2, np.float64(0.5738791623171935), 3.7435687927129213, 48723.84, 16]"
496,"[0.4, np.float64(0.5738791623171935), 1.95725434735453, 87711.8, 32]"
497,"[0.4, np.float64(0.5738791623171935), 0.7649832389765499, 111110.6, 42]"
498,"[0.9, np.float64(0.5738791623171935), 1.0372372646816281, 116985.12, 43]"
499,"[0.4, np.float64(0.5738791623171935), 0.4089604019278953, 38751.61, 19]"
500,"[0.4, np.float64(0.5738791623171935), 2.175883009047181, 37074.05, 15]"
501,"[0.4, np.float64(0.5738791623171935), 0.48334943483911247, 45906.71, 15]"
502,"[0.4, np.float64(0.5738791623171935), 0.9818507498808641, 67579.94, 29]"
503,"[0.4, np.float64(0.5738791623171935), 2.727675483256202, 94467.84, 37]"
504,"[0.2, np.float64(0.5738791623171935), 0.4994602154482424, 26967.170000000002, 11]"
505,"[0.2, np.float64(0.5738791623171935), 1.169880239006997, 44037.75, 18]"
506,"[0.4, np.float64(0.5738791623171935), 1.1389206951648256, 121825.85, 46]"
507,"[0.2, np.float64(0.5738791623171935), 1.9662537623985277, 108125.95, 40]"
508,"[0.2, np.float64(0.5738791623171935), 0.2593599469340724, 58728.08, 22]"
509,"[0.4, np.float64(0.5738791623171935), 3.2647994542262264, 83545.86, 30]"
510,"[0.9, np.float64(0.5738791623171935), 2.9960997192311365, 28943.48, 11]"
511,"[0.4, np.float64(0.5738791623171935), 5.182291948882156, 11883.27, 5]"
512,"[0.4, np.float64(0.5738791623171935), 4.478410823085442, 37770.92, 16]"
513,"[0.4, np.float64(0.5738791623171935), 4.471533039444626, 100037.1, 31]"
514,"[1.0, np.float64(0.5738791623171935), 0.39772339973081866, 55046.03, 20]"
515,"[0.4, np.float64(0.5738791623171935), 1.5656286862145812, 117566.12999999999, 47]"
516,"[0.4, np.float64(0.5738791623171935), 0.38184940071301976, 22871.9, 7]"
517,"[0.4000000000000001, np.float64(0.5738791623171935), 3.0945968129438333, 99347.42, 48]"
518,"[0.4000000000000001, np.float64(0.5738791623171935), 1.5097061218808694, 92252.09, 41]"
519,"[0.4, np.float64(0.5738791623171935), 0.2758962644662995, 15164.939999999999, 5]"
520,"[0.2, np.float64(0.5738791623171935), 1.734890830552598, 96399.38, 44]"
521,"[0.4, np.float64(0.5738791623171935), 0.4323276105020127, 70442.01, 28]"
522,"[0.4, np.float64(0.5738791623171935), 2.630612365787497, 91510.12, 36]"
523,"[0.4, np.float64(0.5738791623171935), 0.5105769988834282, 136074.54, 47]"
524,"[0.4, np.float64(0.5738791623171935), 0.5924949214910856, 75035.84, 27]"
525,"[0.9, np.float64(0.5738791623171935), 0.8607372881120579, 33171.37, 11]"
526,"[0.4, np.float64(0.5738791623171935), 1.3247199921386987, 95370.56, 34]"
527,"[0.2, np.float64(0.5738791623171935), 0.7070455151607199, 112130.47, 45]"
528,"[0.9, np.float64(0.5738791623171935), 0.8425042534426822, 119641.1, 49]"
529,"[0.9000000000000001, np.float64(0.5738791623171935), 0.49764302691115725, 112164.31, 42]"
530,"[0.2, np.float64(0.5738791623171935), 0.25125647310994154, 14632.04, 7]"
531,"[0.2, np.float64(0.5738791623171935), 2.1556081709336525, 133608.0, 50]"
532,"[0.4, np.float64(0.5738791623171935), 1.100807478017469, 81910.23, 29]"
533,"[0.4, np.float64(0.5738791623171935), 0.5129548861465085, 144924.65, 49]"
534,"[0.4000000000000001, np.float64(0.5738791623171935), 2.050205322122775, 30430.83, 12]"
535,"[0.2, np.float64(0.5738791623171935), 4.082536946202672, 74725.07, 34]"
536,"[0.4000000000000001, np.float64(0.5738791623171935), 0.7075670358958324, 62970.86, 24]"
537,"[0.2, np.float64(0.5738791623171935), 1.4934733216187157, 122192.6, 45]"
538,"[0.4, np.float64(0.5738791623171935), 0.45994172972671965, 17852.190000000002, 7]"
539,"[0.2, np.float64(0.5738791623171935), 1.9630839546877825, 109281.24, 42]"
540,"[0.2, np.float64(0.5738791623171935), 0.25139140533469084, 71982.14, 25]"
541,"[0.6, np.float64(0.5738791623171935), 1.5105665845331644, 22480.71, 10]"
542,"[0.2, np.float64(0.5738791623171935), 1.4496432289012675, 76013.48, 33]"
543,"[0.4, np.float64(0.5738791623171935), 2.629299143315001, 32384.690000000002, 17]"
544,"[0.6, np.float64(0.5738791623171935), 2.414046280121351, 85654.34, 34]"
545,"[0.4, np.float64(0.5738791623171935), 0.7778745169099325, 63382.49, 26]"
546,"[0.2, np.float64(0.5738791623171935), 0.43918166882821535, 61808.01, 22]"
547,"[0.2, np.float64(0.5738791623171935), 1.0938981751719585, 114873.8, 50]"
548,"[0.9, np.float64(0.5738791623171935), 1.4007340021747179, 98770.64, 43]"
549,"[0.2, np.float64(0.5738791623171935), 1.5506472974520225, 45294.17, 19]"
550,"[0.4, np.float64(0.5738791623171935), 0.8372646583011286, 39915.399999999994, 18]"
551,"[0.2, np.float64(0.5738791623171935), 0.5135055548450616, 33371.270000000004, 11]"
552,"[0.4, np.float64(0.5738791623171935), 0.470290052979422, 41277.03, 15]"
553,"[0.9, np.float64(0.5738791623171935), 0.5131728896947781, 122373.92, 49]"
554,"[0.4, np.float64(0.5738791623171935), 0.18999714091279382, 36700.630000000005, 14]"
555,"[0.4, np.float64(0.5738791623171935), 0.3567003298503084, 48366.28, 20]"
556,"[0.2, np.float64(0.5738791623171935), 0.20925490003317315, 50922.68, 17]"
557,"[0.9, np.float64(0.5738791623171935), 0.15193294372567495, 64631.33, 25]"
558,"[0.9, np.float64(0.5738791623171935), 1.5042710005009927, 67750.51, 28]"
559,"[0.4, np.float64(0.5738791623171935), 0.4020811527060463, 69130.45, 22]"
560,"[0.9, np.float64(0.5738791623171935), 1.0296721819529753, 64769.75, 28]"
561,"[0.4, np.float64(0.5738791623171935), 0.6669788123661493, 14186.130000000001, 5]"
562,"[0.4, np.float64(0.5738791623171935), 0.555350537815268, 37791.72, 16]"
563,"[0.4, np.float64(0.5738791623171935), 1.971952341900116, 94756.29000000001, 37]"
564,"[0.2, np.float64(0.5738791623171935), 1.3447517007343959, 80099.21, 29]"
565,"[0.9, np.float64(0.5738791623171935), 1.845127824954475, 35108.340000000004, 15]"
566,"[1.0, np.float64(0.5738791623171935), 1.852882923297176, 84850.97, 35]"
567,"[0.2, np.float64(0.5738791623171935), 0.7664626175402421, 46552.01, 19]"
568,"[0.6, np.float64(0.5738791623171935), 0.07554945924111922, 14837.72, 6]"
569,"[0.19999999999999998, np.float64(0.5738791623171935), 2.933002623967133, 118873.75, 43]"
570,"[0.4000000000000001, np.float64(0.5738791623171935), 0.45927778438296757, 133956.45, 48]"
571,"[1.0, np.float64(0.5738791623171935), 1.9392661513838614, 85544.56, 38]"
572,"[0.19999999999999998, np.float64(0.5738791623171935), 1.3548397274935762, 108068.18000000001, 43]"
573,"[0.9, np.float64(0.5738791623171935), 4.282602711662937, 26118.54, 12]"
574,"[0.2, np.float64(0.5738791623171935), 0.933345117432943, 40796.5, 16]"
575,"[0.2, np.float64(0.5738791623171935), 1.0214406042366788, 67749.7, 27]"
576,"[0.4, np.float64(0.5738791623171935), 0.1897493989607115, 19091.809999999998, 5]"
577,"[0.4, np.float64(0.5738791623171935), 0.8772459968861996, 48214.73, 17]"
578,"[0.7, np.float64(0.5738791623171935), 3.041851531965854, 92270.15, 40]"
579,"[0.4, np.float64(0.5738791623171935), 1.05502867771571, 82841.84, 31]"
580,"[0.2, np.float64(0.5738791623171935), 0.5629851974692489, 41455.93, 15]"
581,"[0.4, np.float64(0.5738791623171935), 0.12111349724923015, 45768.03, 13]"
582,"[0.2, np.float64(0.5738791623171935), 0.538686132683949, 52763.96, 22]"
583,"[0.4, np.float64(0.5738791623171935), 2.5334549480118853, 61781.45, 34]"
584,"[0.4000000000000001, np.float64(0.5738791623171935), 1.474273969502878, 24596.5, 12]"
585,"[0.2, np.float64(0.5738791623171935), 6.154869506602348, 40324.32, 15]"
586,"[0.2, np.float64(0.5738791623171935), 0.49784033924284987, 37100.31, 13]"
587,"[1.0, np.float64(0.5738791623171935), 2.1993533684412125, 76810.84, 30]"
588,"[0.2, np.float64(0.5738791623171935), 1.0102532695555035, 105705.04, 40]"
589,"[0.20000000000000004, np.float64(0.5738791623171935), 2.326472193332664, 58990.3, 24]"
590,"[0.2, np.float64(0.5738791623171935), 3.96716569284853, 31124.95, 17]"
591,"[0.2, np.float64(0.5738791623171935), 1.0658871810018797, 130067.8, 47]"
592,"[0.4, np.float64(0.5738791623171935), 1.0385113382270295, 125316.94, 47]"
593,"[0.4000000000000001, np.float64(0.5738791623171935), 0.9961011081477575, 12886.59, 6]"
594,"[0.2, np.float64(0.5738791623171935), 1.777271051990667, 118383.43, 46]"
595,"[0.2, np.float64(0.5738791623171935), 0.9673358774811839, 90173.73, 39]"
596,"[0.4, np.float64(0.5738791623171935), 0.39498341052304164, 95976.93, 39]"
597,"[0.2, np.float64(0.5738791623171935), 1.0079669126031308, 24432.93, 8]"
598,"[0.9, np.float64(0.5738791623171935), 0.9258394457787249, 123855.96, 43]"
599,"[0.4, np.float64(0.5738791623171935), 0.8104028290447762, 63532.68, 28]"
600,"[0.7, np.float64(0.5738791623171935), 1.2923524285116201, 68735.8, 29]"
601,"[0.2, np.float64(0.5738791623171935), 0.987106413710907, 85960.7, 32]"
602,"[0.4, np.float64(0.5738791623171935), 0.6098918112013316, 29384.7, 11]"
603,"[0.9, np.float64(0.5738791623171935), 0.7324453571562644, 86081.21, 31]"
604,"[0.4000000000000001, np.float64(0.5738791623171935), 0.7255329973714614, 63751.85, 24]"
605,"[0.4, np.float64(0.5738791623171935), 0.5490708574955887, 50374.18, 19]"
606,"[0.4, np.float64(0.5738791623171935), 0.24495519808499783, 95594.56999999999, 37]"
607,"[0.4, np.float64(0.5738791623171935), 0.6952613211979985, 98621.75, 37]"
608,"[0.2, np.float64(0.5738791623171935), 0.890031711284312, 121021.81999999999, 50]"
609,"[0.5, np.float64(0.5738791623171935), 1.0411332960443855, 52197.27, 24]"
610,"[0.6, np.float64(0.5738791623171935), 0.6996501599602638, 142977.27, 49]"
611,"[0.6, np.float64(0.5738791623171935), 0.9686505462407994, 55841.49, 23]"
612,"[0.9000000000000001, np.float64(0.5738791623171935), 0.28336558464419287, 122884.23, 42]"
613,"[0.20000000000000004, np.float64(0.5738791623171935), 1.0661832446464214, 107409.35, 41]"
614,"[0.2, np.float64(0.5738791623171935), 0.8265357864465295, 54016.14, 17]"
615,"[0.9, np.float64(0.5738791623171935), 0.9682816777469301, 43495.6, 15]"
616,"[0.4, np.float64(0.5738791623171935), 1.2905893063103537, 114554.24, 44]"
617,"[0.2, np.float64(0.5738791623171935), 0.9980846471846049, 74204.81, 29]"
618,"[0.4, np.float64(0.5738791623171935), 2.161106870649559, 74561.85, 28]"
619,"[0.4, np.float64(0.5738791623171935), 1.4225333863174066, 93569.42, 38]"
620,"[0.8, np.float64(0.5738791623171935), 1.5543956864185298, 99598.74, 35]"
621,"[0.20000000000000004, np.float64(0.5738791623171935), 1.6869154139546878, 55245.57, 24]"
622,"[0.2, np.float64(0.5738791623171935), 0.2013712246203483, 57628.81, 22]"
623,"[0.9, np.float64(0.5738791623171935), 0.8889913718400028, 34371.05, 11]"
624,"[0.4, np.float64(0.5738791623171935), 0.7020145961933587, 77166.96, 29]"
625,"[0.2, np.float64(0.5738791623171935), 1.2392203535275421, 102506.96, 42]"
626,"[0.20000000000000004, np.float64(0.5738791623171935), 0.014854968176618443, 16841.98, 6]"
627,"[0.4, np.float64(0.5738791623171935), 2.2972520969836183, 83666.67, 34]"
628,"[0.4, np.float64(0.5738791623171935), -0.21332203496882074, 13656.34, 5]"
629,"[0.4, np.float64(0.5738791623171935), 1.3415844394992569, 85256.57, 31]"
630,"[0.20000000000000004, np.float64(0.5738791623171935), 0.6127223429385518, 108143.43, 41]"
631,"[0.2, np.float64(0.5738791623171935), 0.47044220421186966, 21437.82, 10]"
632,"[0.4, np.float64(0.5738791623171935), 0.9033547594385003, 115056.17, 45]"
633,"[0.2, np.float64(0.5738791623171935), 1.1937846064627344, 83845.14, 31]"
634,"[0.2, np.float64(0.5738791623171935), 1.165266832520397, 40925.47, 14]"
635,"[0.2, np.float64(0.5738791623171935), 2.519869628036226, 87558.35, 37]"
636,"[0.39999999999999997, np.float64(0.5738791623171935), 1.14555193878708, 109772.66, 43]"
637,"[0.2, np.float64(0.5738791623171935), 0.1760625077400641, 22772.66, 8]"
638,"[0.2, np.float64(0.5738791623171935), 1.796299596312328, 143724.26, 49]"
639,"[0.4, np.float64(0.5738791623171935), 2.209861690306287, 124120.81999999999, 47]"
640,"[0.4, np.float64(0.5738791623171935), 1.1172209258320198, 75899.61, 29]"
641,"[0.2, np.float64(0.5738791623171935), 1.0304652955446687, 50235.1, 22]"
642,"[0.6, np.float64(0.5738791623171935), 2.215016648533261, 26019.05, 13]"
643,"[0.4, np.float64(0.5738791623171935), 1.936161912318586, 121259.97, 49]"
644,"[0.2, np.float64(0.5738791623171935), 0.20146208756175532, 10202.89, 5]"
645,"[0.6, np.float64(0.5738791623171935), 2.407302233206058, 61759.92, 22]"
646,"[0.4, np.float64(0.5738791623171935), 1.2441368153849028, 44650.04, 23]"
647,"[0.4, np.float64(0.5738791623171935), 1.8255077810692688, 99702.29000000001, 38]"
648,"[0.4, np.float64(0.5738791623171935), 0.22031771451381987, 25497.19, 9]"
649,"[0.20000000000000004, np.float64(0.5738791623171935), 0.676312980933121, 104526.12, 48]"
650,"[0.4, np.float64(0.5738791623171935), 1.6755465779888896, 74751.02, 28]"
651,"[1.0, np.float64(0.5738791623171935), 0.8477267809413174, 123600.9, 42]"
652,"[0.4, np.float64(0.5738791623171935), 0.4818183545312028, 120783.06, 47]"
653,"[0.4, np.float64(0.5738791623171935), 0.615845998444363, 101518.97, 38]"
654,"[0.4, np.float64(0.5738791623171935), 0.45563130827274867, 127920.04, 45]"
655,"[0.4, np.float64(0.5738791623171935), 0.960466566910847, 57208.49, 25]"
656,"[0.4, np.float64(0.5738791623171935), 1.168807965637853, 60909.91, 20]"
657,"[0.4, np.float64(0.5738791623171935), 0.8112972410575573, 53549.78, 21]"
658,"[0.4, np.float64(0.5738791623171935), 1.387645726950035, 75255.34, 28]"
659,"[0.4, np.float64(0.5738791623171935), 4.3936680893900295, 72418.89, 27]"
660,"[0.2, np.float64(0.5738791623171935), 4.691016369398224, 41867.06, 20]"
661,"[0.4, np.float64(0.5738791623171935), 0.6967589309704586, 94949.53, 38]"
662,"[0.2, np.float64(0.5738791623171935), 0.6943710576539611, 123821.89, 45]"
663,"[0.2, np.float64(0.5738791623171935), 1.9290085875302174, 45762.18, 21]"
664,"[0.2, np.float64(0.5738791623171935), 2.158443695815848, 25681.38, 11]"
665,"[0.4, np.float64(0.5738791623171935), 1.0412989033316482, 91807.96, 38]"
666,"[0.2, np.float64(0.5738791623171935), 2.5908075176356475, 57721.52, 23]"
667,"[0.2, np.float64(0.5738791623171935), 1.0712264808374694, 112732.32, 40]"
668,"[0.4, np.float64(0.5738791623171935), 1.3412678054748552, 73240.16, 33]"
669,"[0.4, np.float64(0.5738791623171935), 0.737585164753993, 98556.44, 36]"
670,"[0.4, np.float64(0.5738791623171935), 0.6302046137069847, 132906.52, 50]"
671,"[0.4, np.float64(0.5738791623171935), 1.4636426371742428, 43261.25, 16]"
672,"[0.2, np.float64(0.5738791623171935), 0.20685116407284276, 26867.23, 8]"
673,"[0.2, np.float64(0.5738791623171935), 1.5642071101636625, 96526.97, 44]"
674,"[0.2, np.float64(0.5738791623171935), 1.2341776591012275, 94490.08, 44]"
675,"[0.4, np.float64(0.5738791623171935), 1.1631689801064151, 79057.06, 31]"
676,"[0.4, np.float64(0.5738791623171935), 0.600687686067911, 88121.58, 38]"
677,"[0.4, np.float64(0.5738791623171935), 2.203185498447464, 95990.41, 44]"
678,"[0.4, np.float64(0.5738791623171935), 2.674019054771787, 71943.12, 27]"
679,"[0.4, np.float64(0.5738791623171935), 0.8289693370570227, 58871.95, 23]"
680,"[0.2, np.float64(0.5738791623171935), 1.0464799085924255, 125100.28, 46]"
681,"[0.2, np.float64(0.5738791623171935), 0.5147352120906902, 135190.08, 49]"
682,"[0.2, np.float64(0.5738791623171935), 0.8258181963937212, 96249.97, 35]"
683,"[0.4, np.float64(0.5738791623171935), 0.9749112325741248, 102991.36, 35]"
684,"[0.6, np.float64(0.5738791623171935), 0.5095664613738385, 71124.33, 29]"
685,"[0.9, np.float64(0.5738791623171935), 0.8657632521418962, 42085.55, 17]"
686,"[0.4000000000000001, np.float64(0.5738791623171935), 0.7004401182063775, 13878.9, 6]"
687,"[0.4, np.float64(0.5738791623171935), 0.5591168450680749, 79897.35, 31]"
688,"[1.0, np.float64(0.5738791623171935), 0.7193930177374602, 83842.05, 40]"
689,"[0.2, np.float64(0.5738791623171935), 2.2069734354497728, 18665.6, 9]"
690,"[0.2, np.float64(0.5738791623171935), 1.3458340251064393, 41692.520000000004, 15]"
691,"[0.8000000000000002, np.float64(0.5738791623171935), 0.6585833450782903, 63225.880000000005, 24]"
692,"[0.2, np.float64(0.5738791623171935), 0.19047362908232035, 43846.59, 13]"
693,"[0.6, np.float64(0.5738791623171935), 0.6438664544091384, 120871.69, 44]"
694,"[0.4, np.float64(0.5738791623171935), 3.5866507725996706, 37845.11, 14]"
695,"[0.6, np.float64(0.5738791623171935), 2.8001545208913003, 58040.79, 22]"
696,"[0.4, np.float64(0.5738791623171935), 0.7041897367372578, 111754.24, 44]"
697,"[0.2, np.float64(0.5738791623171935), 5.4094709164166295, 20502.88, 9]"
698,"[0.6, np.float64(0.5738791623171935), 1.039792947314966, 86317.76, 31]"
699,"[0.2, np.float64(0.5738791623171935), 6.6583654326436505, 16510.32, 10]"
700,"[0.9, np.float64(0.5738791623171935), 0.295268686342738, 65149.31, 23]"
701,"[0.4, np.float64(0.5738791623171935), 0.8292378923163383, 54245.04, 19]"
702,"[0.4000000000000001, np.float64(0.5738791623171935), 1.1512899471576616, 117846.03, 48]"
703,"[1.0, np.float64(0.5738791623171935), 1.8149598216795941, 19590.33, 8]"
704,"[0.9, np.float64(0.5738791623171935), 0.6515982432386375, 64443.66, 28]"
705,"[0.2, np.float64(0.5738791623171935), 0.4897128839639052, 161136.44, 50]"
706,"[0.2, np.float64(0.5738791623171935), 3.834183348714027, 69665.32, 31]"
707,"[0.7, np.float64(0.5738791623171935), 0.7073002331058231, 56406.58, 22]"
708,"[0.4, np.float64(0.5738791623171935), 2.3206454455673042, 12877.529999999999, 5]"
709,"[0.4, np.float64(0.5738791623171935), 1.665320024568233, 30851.43, 15]"
710,"[0.4, np.float64(0.5738791623171935), 0.6270705513720345, 111129.12, 45]"
711,"[0.6, np.float64(0.5738791623171935), 1.4504952057450917, 109794.3, 48]"
712,"[0.4, np.float64(0.5738791623171935), 1.3261209942528123, 93176.35, 39]"
713,"[0.4, np.float64(0.5738791623171935), 0.6167293099522697, 39122.04, 17]"
714,"[0.4, np.float64(0.5738791623171935), 0.7700438572941019, 82828.11, 28]"
715,"[0.2, np.float64(0.5738791623171935), 0.8356403611571931, 83544.33, 32]"
716,"[0.4000000000000001, np.float64(0.5738791623171935), 1.2610651086316698, 123604.53, 48]"
717,"[0.4, np.float64(0.5738791623171935), 1.9311331032608532, 66412.97, 29]"
718,"[0.4, np.float64(0.5738791623171935), 0.9151671910001014, 73152.69, 28]"
719,"[0.4, np.float64(0.5738791623171935), 1.0083781735754933, 56615.85, 23]"
720,"[1.0, np.float64(0.5738791623171935), 2.017533366621716, 81083.22, 32]"
721,"[0.2, np.float64(0.5738791623171935), 0.6757882092397128, 132395.8, 50]"
722,"[1.0, np.float64(0.5738791623171935), 1.086198394308237, 45221.43, 16]"
723,"[0.2, np.float64(0.5738791623171935), 0.41467273366929497, 38599.83, 13]"
724,"[0.9, np.float64(0.5738791623171935), 2.018341497729894, 69101.3, 28]"
725,"[0.2, np.float64(0.5738791623171935), 3.2241353069615104, 26393.5, 10]"
726,"[0.4, np.float64(0.5738791623171935), 1.0032631407687869, 68494.3, 30]"
727,"[0.2, np.float64(0.5738791623171935), 1.2947314221063666, 36516.15, 16]"
728,"[0.6999999999999998, np.float64(0.5738791623171935), 0.8994899531019893, 108226.37, 48]"
729,"[0.4, np.float64(0.5738791623171935), 1.6527700431924048, 71142.1, 29]"
730,"[0.2, np.float64(0.5738791623171935), 1.0980939025096732, 111991.67, 45]"
731,"[0.4, np.float64(0.5738791623171935), 0.7213492141322128, 51201.44, 17]"
732,"[0.4, np.float64(0.5738791623171935), 5.688954960548223, 41813.18, 17]"
733,"[0.4, np.float64(0.5738791623171935), 2.367636825342517, 95085.07, 47]"
734,"[0.2, np.float64(0.5738791623171935), 1.5164598202554338, 47360.44, 18]"
735,"[0.2, np.float64(0.5738791623171935), 3.0354119855919808, 85016.9, 32]"
736,"[0.6, np.float64(0.5738791623171935), 1.006597750495494, 98946.23999999999, 43]"
737,"[0.2, np.float64(0.5738791623171935), 1.0028754289435327, 96536.72, 39]"
738,"[0.9, np.float64(0.5738791623171935), 1.6596987845379587, 55321.75, 20]"
739,"[0.4, np.float64(0.5738791623171935), 1.6031709876697902, 96013.61, 45]"
740,"[0.2, np.float64(0.5738791623171935), 0.3940507344719984, 25182.11, 10]"
741,"[0.2, np.float64(0.5738791623171935), 0.465705597028488, 67344.94, 23]"
742,"[0.4, np.float64(0.5738791623171935), 1.1388853390473994, 28588.78, 11]"
743,"[0.20000000000000004, np.float64(0.5738791623171935), 1.5119819897470412, 109234.27, 48]"
744,"[0.4, np.float64(0.5738791623171935), 0.23403378380481007, 50584.15, 20]"
745,"[0.2, np.float64(0.5738791623171935), 2.0950649158744805, 12090.27, 7]"
746,"[0.4, np.float64(0.5738791623171935), 0.6614727559452406, 116382.82, 44]"
747,"[0.4, np.float64(0.5738791623171935), 0.9728055303073866, 82285.64, 35]"
748,"[0.4, np.float64(0.5738791623171935), 1.8181126209565572, 54103.73, 27]"
749,"[0.2, np.float64(0.5738791623171935), 0.13850649912561994, 15156.76, 8]"
750,"[0.4, np.float64(0.5738791623171935), 2.3482744372203888, 42673.84, 17]"
751,"[0.4, np.float64(0.5738791623171935), 2.0372397566432254, 65733.54, 25]"
752,"[0.8, np.float64(0.5738791623171935), 1.5907558863621936, 94633.93, 33]"
753,"[0.5, np.float64(0.5738791623171935), 0.5042292679356446, 120394.37, 47]"
754,"[0.2, np.float64(0.5738791623171935), 0.5154260786286149, 80051.42, 34]"
755,"[0.6, np.float64(0.5738791623171935), 0.6034611062639402, 3176.46, 6]"
756,"[0.2, np.float64(0.5738791623171935), 2.6765052862624894, 50065.25, 23]"
757,"[0.2, np.float64(0.5738791623171935), 1.6449192247173858, 22423.550000000003, 10]"
758,"[0.2, np.float64(0.5738791623171935), 0.5657882872805226, 59770.73, 28]"
759,"[0.9, np.float64(0.5738791623171935), 2.624321089622864, 31356.83, 15]"
760,"[0.4, np.float64(0.5738791623171935), 1.3949387096479056, 105637.59999999999, 45]"
761,"[0.9, np.float64(0.5738791623171935), 1.1812940789498063, 31752.3, 17]"
762,"[0.2, np.float64(0.5738791623171935), 2.0339082621869533, 90850.85, 37]"
763,"[0.4000000000000001, np.float64(0.5738791623171935), 2.0583017517746485, 121201.75, 48]"
764,"[0.2, np.float64(0.5738791623171935), 3.506699565223382, 72377.14, 36]"
765,"[0.4, np.float64(0.5738791623171935), 1.356385895289959, 20525.0, 7]"
766,"[0.2, np.float64(0.5738791623171935), 1.5347846966334397, 18563.260000000002, 7]"
767,"[0.4, np.float64(0.5738791623171935), 0.1878968690733341, 45607.06, 15]"
768,"[0.6, np.float64(0.5738791623171935), 0.97385620254218, 55969.13, 21]"
769,"[0.4, np.float64(0.5738791623171935), 3.2935946353345007, 28488.51, 10]"
770,"[0.2, np.float64(0.5738791623171935), 2.8537791418570215, 80463.37, 29]"
771,"[0.20000000000000004, np.float64(0.5738791623171935), 1.7537258358854633, 102212.9, 41]"
772,"[0.9000000000000001, np.float64(0.5738791623171935), 1.1734140210768615, 62366.22, 26]"
773,"[0.2, np.float64(0.5738791623171935), 0.2349647506616164, 42389.21, 15]"
774,"[0.2, np.float64(0.5738791623171935), 3.158214055965181, 59597.82, 22]"
775,"[0.4, np.float64(0.5738791623171935), 0.40034922145562535, 46908.36, 18]"
776,"[0.6, np.float64(0.5738791623171935), 0.22015634370827072, 27970.09, 10]"
777,"[0.6, np.float64(0.5738791623171935), 1.2817258344818698, 113565.84999999999, 43]"
778,"[0.4, np.float64(0.5738791623171935), 2.1040916377250443, 86252.18, 42]"
779,"[0.9, np.float64(0.5738791623171935), 0.6517258294816269, 59030.590000000004, 22]"
780,"[0.4000000000000001, np.float64(0.5738791623171935), 1.3965844302569599, 108189.88, 41]"
781,"[0.2, np.float64(0.5738791623171935), 0.8341778300539044, 120477.77, 50]"
782,"[0.9, np.float64(0.5738791623171935), 1.231408315095091, 36945.86, 17]"
783,"[0.9, np.float64(0.5738791623171935), 1.6782269925479374, 50662.770000000004, 17]"
784,"[0.4, np.float64(0.5738791623171935), 0.9688366143609158, 104275.64, 46]"
785,"[0.4, np.float64(0.5738791623171935), 1.1230092944858059, 88485.03, 42]"
786,"[0.4, np.float64(0.5738791623171935), 2.555772763541316, 71509.89, 30]"
787,"[0.4, np.float64(0.5738791623171935), 2.1751023604155355, 22871.46, 11]"
788,"[0.4, np.float64(0.5738791623171935), 0.29978925514231125, 69876.41, 27]"
789,"[0.4, np.float64(0.5738791623171935), 0.7104458205218723, 100079.86, 35]"
790,"[0.2, np.float64(0.5738791623171935), 0.9863308854641994, 129356.59, 47]"
791,"[0.5, np.float64(0.5738791623171935), 2.5648009568305103, 82683.4, 26]"
792,"[0.4, np.float64(0.5738791623171935), 0.45984216946667844, 95557.62, 33]"
793,"[0.2, np.float64(0.5738791623171935), 4.234098416621782, 21591.97, 14]"
794,"[0.2, np.float64(0.5738791623171935), 0.862697252067221, 25106.73, 9]"
795,"[0.2, np.float64(0.5738791623171935), 1.122615751989724, 135587.94, 50]"
796,"[0.6, np.float64(0.5738791623171935), 1.8347214681137392, 60048.96, 21]"
797,"[0.4, np.float64(0.5738791623171935), 3.949725994292702, 93601.55, 40]"
798,"[0.4, np.float64(0.5738791623171935), 0.4057519324405338, 29891.61, 11]"
799,"[0.4, np.float64(0.5738791623171935), 2.571340985816654, 67737.25, 22]"
800,"[0.4, np.float64(0.5738791623171935), 0.5001795213356627, 62496.54, 22]"
801,"[0.8999999999999999, np.float64(0.5738791623171935), 1.3316477583843656, 79189.46, 36]"
802,"[0.2, np.float64(0.5738791623171935), 1.6638525467643368, 29508.210000000003, 14]"
803,"[0.9, np.float64(0.5738791623171935), 1.249589331701851, 63652.619999999995, 24]"
804,"[0.4, np.float64(0.5738791623171935), 1.498651489677442, 39282.82, 15]"
805,"[0.2, np.float64(0.5738791623171935), 1.2794406511971774, 78750.26, 31]"
806,"[0.2, np.float64(0.5738791623171935), 0.9628712101485956, 107566.82, 50]"
807,"[0.4, np.float64(0.5738791623171935), -0.1454253171671685, 13724.49, 7]"
808,"[0.4, np.float64(0.5738791623171935), 4.0290317235342235, 64166.46, 27]"
809,"[0.4, np.float64(0.5738791623171935), 0.45289319269491574, 75697.76, 29]"
810,"[1.0, np.float64(0.5738791623171935), 0.6863901546721026, 94436.53, 40]"
811,"[0.6, np.float64(0.5738791623171935), 2.5541715779597585, 123819.48, 46]"
812,"[0.2, np.float64(0.5738791623171935), 1.0453485949244334, 52677.92, 22]"
813,"[0.2, np.float64(0.5738791623171935), 0.06780350211927728, 24707.78, 9]"
814,"[0.4, np.float64(0.5738791623171935), 1.777735825587636, 121004.89, 44]"
815,"[0.4, np.float64(0.5738791623171935), 1.0690178526504241, 128779.53, 50]"
816,"[0.2, np.float64(0.5738791623171935), 2.1665402168621095, 88299.23, 40]"
817,"[0.4, np.float64(0.5738791623171935), 0.8112968220055333, 114531.05, 49]"
818,"[0.2, np.float64(0.5738791623171935), 0.7334698613858669, 99575.43, 39]"
819,"[0.4, np.float64(0.5738791623171935), 0.15099650893718197, 54416.23, 23]"
820,"[0.2, np.float64(0.5738791623171935), 0.8621107205905547, 108680.27, 49]"
821,"[0.4, np.float64(0.5738791623171935), 1.521550551636765, 45341.200000000004, 17]"
822,"[0.4, np.float64(0.5738791623171935), 0.7902074843717458, 127387.23, 44]"
823,"[0.2, np.float64(0.5738791623171935), 0.6639910963425489, 95976.27, 34]"
824,"[0.2, np.float64(0.5738791623171935), 1.5495521496564684, 63164.01, 29]"
825,"[0.4, np.float64(0.5738791623171935), 1.041029304619475, 74561.31, 30]"
826,"[0.6, np.float64(0.5738791623171935), 1.6039831426011155, 86112.23, 40]"
827,"[0.4, np.float64(0.5738791623171935), 0.5147342357641345, 87467.97, 30]"
828,"[0.4, np.float64(0.5738791623171935), 0.9486496851060968, 77193.48, 30]"
829,"[0.6, np.float64(0.5738791623171935), 1.3921836916229093, 90028.04, 38]"
830,"[0.2, np.float64(0.5738791623171935), 1.3174555398407464, 81769.93000000001, 32]"
831,"[0.4, np.float64(0.5738791623171935), 1.3569177192465989, 74190.19, 30]"
832,"[0.4, np.float64(0.5738791623171935), 2.8160240183374157, 12039.31, 7]"
833,"[0.19999999999999998, np.float64(0.5738791623171935), 1.0967492474431462, 109072.24, 43]"
834,"[0.9, np.float64(0.5738791623171935), 1.9488557260936026, 72491.51, 32]"
835,"[0.9, np.float64(0.5738791623171935), 0.9496542078774078, 114613.4, 40]"
836,"[0.2, np.float64(0.5738791623171935), 1.3675244037081116, 77784.54, 40]"
837,"[0.2, np.float64(0.5738791623171935), 1.8004908167172127, 111355.72, 44]"
838,"[0.4, np.float64(0.5738791623171935), 1.6527707447743372, 109098.84, 42]"
839,"[0.2, np.float64(0.5738791623171935), 2.2509815997628677, 88408.9, 38]"
840,"[0.9, np.float64(0.5738791623171935), -0.060724248513495144, 9593.24, 5]"
841,"[0.4, np.float64(0.5738791623171935), 1.0242720614022707, 111507.51, 44]"
842,"[0.2, np.float64(0.5738791623171935), 1.2516783660186572, 51119.11, 22]"
843,"[0.4, np.float64(0.5738791623171935), 2.0846238578973804, 78869.39, 35]"
844,"[0.2, np.float64(0.5738791623171935), 2.71650140030027, 106495.74, 39]"
845,"[0.4, np.float64(0.5738791623171935), 1.2154508805385582, 85548.75, 36]"
846,"[0.4, np.float64(0.5738791623171935), 0.27045000478626685, 26879.010000000002, 10]"
847,"[0.9, np.float64(0.5738791623171935), 0.8399952323061358, 90194.34, 33]"
848,"[0.4, np.float64(0.5738791623171935), 0.3861726490585272, 113172.33, 42]"
849,"[0.2, np.float64(0.5738791623171935), 0.9871225687069667, 85628.5, 42]"
850,"[0.6, np.float64(0.5738791623171935), 1.4406679480195375, 65111.48, 28]"
851,"[0.2, np.float64(0.5738791623171935), 0.97269800647896, 73856.3, 33]"
852,"[0.7, np.float64(0.5738791623171935), 1.2818413243401834, 77031.37, 31]"
853,"[0.4000000000000001, np.float64(0.5738791623171935), 0.3065355231900377, 68565.93, 24]"
854,"[0.4000000000000001, np.float64(0.5738791623171935), 0.8376276453976882, 29917.670000000002, 12]"
855,"[0.2, np.float64(0.5738791623171935), 0.5632620679185094, 80203.38, 29]"
856,"[0.4, np.float64(0.5738791623171935), 0.4755370000433877, 40157.21, 16]"
857,"[0.6, np.float64(0.5738791623171935), 1.3847194990193759, 62872.94, 24]"
858,"[0.2, np.float64(0.5738791623171935), 0.8079073538851089, 46583.21, 18]"
859,"[0.4, np.float64(0.5738791623171935), 0.954887639420069, 133907.91, 50]"
860,"[0.4000000000000001, np.float64(0.5738791623171935), 2.649654717321019, 108312.87, 41]"
861,"[0.4, np.float64(0.5738791623171935), 1.193839134843477, 22125.61, 11]"
862,"[0.4, np.float64(0.5738791623171935), 2.7766223585141945, 106983.3, 45]"
863,"[0.6, np.float64(0.5738791623171935), 1.3710176615996814, 88213.64, 37]"
864,"[0.2, np.float64(0.5738791623171935), 0.7662123611732322, 61303.83, 27]"
865,"[0.4, np.float64(0.5738791623171935), 0.34923762304812433, 128461.83, 46]"
866,"[0.4, np.float64(0.5738791623171935), 0.7955308817226366, 107259.95, 44]"
867,"[0.4, np.float64(0.5738791623171935), 1.0126017547710173, 74660.68, 26]"
868,"[0.9, np.float64(0.5738791623171935), 0.8350760433476684, 36893.97, 12]"
869,"[0.2, np.float64(0.5738791623171935), 4.059237295468355, 35411.66, 15]"
870,"[0.2, np.float64(0.5738791623171935), 0.46057324039437386, 120752.11, 40]"
871,"[0.3, np.float64(0.5738791623171935), 0.27538770333810064, 57229.56, 19]"
872,"[0.4000000000000001, np.float64(0.5738791623171935), 0.41053015275172716, 30361.91, 12]"
873,"[0.2, np.float64(0.5738791623171935), 1.0388001595914138, 104948.77, 40]"
874,"[0.2, np.float64(0.5738791623171935), 1.024953919819129, 72851.28, 32]"
875,"[0.4, np.float64(0.5738791623171935), 2.4359446096108486, 81477.45, 34]"
876,"[0.2, np.float64(0.5738791623171935), 0.7146550867331849, 25177.62, 14]"
877,"[0.4, np.float64(0.5738791623171935), 0.47655062502146656, 98237.2, 35]"
878,"[0.9, np.float64(0.5738791623171935), 0.9982321663131385, 101521.86, 35]"
879,"[0.2, np.float64(0.5738791623171935), 2.8060209434855348, 93338.2, 36]"
880,"[0.2, np.float64(0.5738791623171935), 2.1332328967968777, 94642.22, 35]"
881,"[0.2, np.float64(0.5738791623171935), 0.1737232470602524, 56509.64, 19]"
882,"[0.6, np.float64(0.5738791623171935), 0.8636941835069226, 30038.51, 11]"
883,"[0.4, np.float64(0.5738791623171935), 1.2267231121645077, 21928.02, 10]"
884,"[0.2, np.float64(0.5738791623171935), 1.3611557100059992, 100695.81999999999, 47]"
885,"[0.2, np.float64(0.5738791623171935), 1.1777344437386577, 47686.65, 23]"
886,"[0.4, np.float64(0.5738791623171935), 1.2498229474274667, 24054.14, 15]"
887,"[0.4, np.float64(0.5738791623171935), 0.8542744045047765, 122397.9, 46]"
888,"[0.4, np.float64(0.5738791623171935), 3.1638546663541853, 87673.71, 36]"
889,"[0.4, np.float64(0.5738791623171935), 2.623174501261833, 124340.62, 42]"
890,"[0.4000000000000001, np.float64(0.5738791623171935), 2.3110672435850064, 55042.58, 24]"
891,"[0.2, np.float64(0.5738791623171935), 0.6899418861683454, 23743.83, 11]"
892,"[0.19999999999999998, np.float64(0.5738791623171935), 2.127091783920677, 113920.95, 43]"
893,"[0.2, np.float64(0.5738791623171935), 1.666446275681908, 70941.11, 35]"
894,"[0.2, np.float64(0.5738791623171935), 0.5909819388638488, 101454.95, 35]"
895,"[0.2, np.float64(0.5738791623171935), 2.0521476381216837, 30340.43, 17]"
896,"[0.4, np.float64(0.5738791623171935), 1.5556944930648364, 61376.630000000005, 26]"
897,"[0.4, np.float64(0.5738791623171935), 1.607181710154286, 21155.45, 10]"
898,"[0.4, np.float64(0.5738791623171935), 2.0331129707980833, 28782.920000000002, 15]"
899,"[0.4, np.float64(0.5738791623171935), 2.2382693502005955, 9841.650000000001, 5]"
900,"[0.4, np.float64(0.5738791623171935), 2.368369296274318, 87610.09, 34]"
901,"[0.2, np.float64(0.5738791623171935), 2.2861109829772444, 41840.75, 17]"
902,"[0.9, np.float64(0.5738791623171935), 1.2671525626658504, 68815.75, 28]"
903,"[0.6, np.float64(0.5738791623171935), 0.8924895361753727, 111827.24, 45]"
904,"[0.19999999999999998, np.float64(0.5738791623171935), 1.2650039660703036, 115786.45, 43]"
905,"[0.2, np.float64(0.5738791623171935), 0.7715783442165555, 84120.04000000001, 38]"
906,"[0.4, np.float64(0.5738791623171935), 2.0666144949454783, 87265.81, 37]"
907,"[0.39999999999999997, np.float64(0.5738791623171935), 0.7014815182929304, 110203.97, 43]"
908,"[0.2, np.float64(0.5738791623171935), 0.7453058302459786, 82765.34, 37]"
909,"[0.2, np.float64(0.5738791623171935), 1.7796364256259272, 77624.52, 39]"
910,"[0.9, np.float64(0.5738791623171935), 0.25244561914780006, 50692.57, 17]"
911,"[0.2, np.float64(0.5738791623171935), 1.3198810949168993, 103600.0, 40]"
912,"[0.6, np.float64(0.5738791623171935), 1.9140168819948769, 80674.53, 31]"
913,"[0.4, np.float64(0.5738791623171935), 0.9099797599809792, 71537.16, 27]"
914,"[0.4, np.float64(0.5738791623171935), 1.327654635884807, 44827.61, 19]"
915,"[0.4, np.float64(0.5738791623171935), 0.8788195520082477, 131291.51, 50]"
916,"[0.4, np.float64(0.5738791623171935), 1.0259778137028137, 18989.03, 7]"
917,"[0.4, np.float64(0.5738791623171935), 0.6291707197714695, 40476.57, 16]"
918,"[0.4, np.float64(0.5738791623171935), 0.17251624712570293, 81566.62, 30]"
919,"[0.4, np.float64(0.5738791623171935), 0.9619308492190768, 113415.72, 45]"
920,"[0.2, np.float64(0.5738791623171935), 2.2301733763297658, 96050.61, 35]"
921,"[0.39999999999999997, np.float64(0.5738791623171935), 0.41906986944453595, 110542.83, 43]"
922,"[0.4, np.float64(0.5738791623171935), 0.39203607246561606, 75106.98, 28]"
923,"[0.6, np.float64(0.5738791623171935), 0.9092422442582014, 78938.04, 38]"
924,"[0.2, np.float64(0.5738791623171935), 1.7285595742350823, 134357.22, 49]"
925,"[0.2, np.float64(0.5738791623171935), 2.127263305137818, 39073.06, 17]"
926,"[0.4, np.float64(0.5738791623171935), 0.7718049284212282, 94153.89, 36]"
927,"[0.2, np.float64(0.5738791623171935), 0.9702144902413135, 117385.33, 45]"
928,"[0.4, np.float64(0.5738791623171935), 2.063386679812795, 94361.51, 35]"
929,"[0.4, np.float64(0.5738791623171935), 0.7506768943830212, 43439.33, 18]"
930,"[0.4, np.float64(0.5738791623171935), 0.7685917425406528, 83264.79, 35]"
931,"[0.2, np.float64(0.5738791623171935), 1.5300528788252705, 80827.31, 31]"
932,"[0.4, np.float64(0.5738791623171935), 1.256968753438131, 67783.31, 23]"
933,"[0.2, np.float64(0.5738791623171935), 1.344402930036803, 105680.69, 44]"
934,"[0.4, np.float64(0.5738791623171935), 0.731664812756519, 24149.13, 10]"
935,"[0.2, np.float64(0.5738791623171935), 1.385673939710042, 17345.42, 7]"
936,"[0.4, np.float64(0.5738791623171935), 0.5890148954468908, 104014.31, 42]"
937,"[0.6, np.float64(0.5738791623171935), 15.04877141593588, 25029.699999999997, 7]"
938,"[0.7, np.float64(0.5738791623171935), 1.1704863404065244, 116534.91, 49]"
939,"[0.2, np.float64(0.5738791623171935), 0.08471837661446607, 28455.2, 9]"
940,"[0.39999999999999997, np.float64(0.5738791623171935), 1.1018070494111714, 110910.28, 43]"
941,"[0.2, np.float64(0.5738791623171935), 0.9243545882167361, 80575.37, 32]"
942,"[0.4, np.float64(0.5738791623171935), 3.644414510929353, 87198.44, 39]"
943,"[0.39999999999999997, np.float64(0.5738791623171935), 2.5338007050953335, 99700.54, 43]"
944,"[0.4, np.float64(0.5738791623171935), 0.45321062721351807, 48053.31, 20]"
945,"[0.2, np.float64(0.5738791623171935), 1.0069707499920086, 111485.13, 40]"
946,"[0.2, np.float64(0.5738791623171935), 0.4085705930024931, 12298.16, 5]"
947,"[0.2, np.float64(0.5738791623171935), 0.6327277277265431, 28313.47, 14]"
948,"[0.4, np.float64(0.5738791623171935), 0.11613961256706044, 64189.33, 18]"
949,"[0.2, np.float64(0.5738791623171935), 1.1505640091230116, 69228.18, 31]"
950,"[0.2, np.float64(0.5738791623171935), 2.500322497159188, 48283.52, 23]"
951,"[0.2, np.float64(0.5738791623171935), 3.2604243441021494, 115555.38, 40]"
952,"[0.4, np.float64(0.5738791623171935), 0.7023600309639829, 76489.81, 33]"
953,"[0.4, np.float64(0.5738791623171935), 0.5744079344759513, 79458.46, 29]"
954,"[0.2, np.float64(0.5738791623171935), 0.6794670504290549, 30526.550000000003, 16]"
955,"[1.0, np.float64(0.5738791623171935), 0.9334071334066042, 31296.99, 13]"
956,"[0.4000000000000001, np.float64(0.5738791623171935), 0.8812506067351309, 113813.94, 48]"
957,"[0.2, np.float64(0.5738791623171935), 1.5407127987648876, 110845.14, 47]"
958,"[0.4, np.float64(0.5738791623171935), 1.95459262577106, 39251.39, 17]"
959,"[0.9, np.float64(0.5738791623171935), 1.9828246820522064, 117510.7, 49]"
960,"[0.20000000000000004, np.float64(0.5738791623171935), 1.8080086262502912, 126408.11, 48]"
961,"[0.2, np.float64(0.5738791623171935), 1.9993467664101887, 18334.45, 9]"
962,"[0.4, np.float64(0.5738791623171935), 1.2306410914848291, 8890.85, 5]"
963,"[0.6, np.float64(0.5738791623171935), 2.6546319548613346, 39465.340000000004, 17]"
964,"[0.2, np.float64(0.5738791623171935), 0.9404338024742278, 38697.19, 15]"
965,"[0.4, np.float64(0.5738791623171935), 3.147939037432421, 29329.41, 15]"
966,"[0.2, np.float64(0.5738791623171935), 3.319913278234438, 65848.76, 32]"
967,"[0.20000000000000004, np.float64(0.5738791623171935), 0.7309063728391405, 64956.81, 24]"
968,"[0.4, np.float64(0.5738791623171935), 1.3820059001222347, 66402.73, 22]"
969,"[0.19999999999999998, np.float64(0.5738791623171935), 0.6269300975221954, 128763.14, 43]"
970,"[0.4, np.float64(0.5738791623171935), 2.1827614906304014, 35899.12, 15]"
971,"[1.0, np.float64(0.5738791623171935), 2.5890097372413488, 73689.97, 26]"
972,"[0.4, np.float64(0.5738791623171935), 0.7115120451717748, 86046.58, 32]"
973,"[0.4000000000000001, np.float64(0.5738791623171935), 0.8260918298639485, 60143.93, 24]"
974,"[0.4, np.float64(0.5738791623171935), 1.4413425562150655, 86825.37, 34]"
975,"[0.4, np.float64(0.5738791623171935), 2.0083676077055346, 15510.34, 8]"
976,"[0.2, np.float64(0.5738791623171935), 0.8537639654622337, 16259.72, 7]"
977,"[0.2, np.float64(0.5738791623171935), 1.2321447378001076, 42876.61, 17]"
978,"[0.9, np.float64(0.5738791623171935), 0.767320549811914, 105213.14, 40]"
979,"[0.4, np.float64(0.5738791623171935), 0.6669239966840835, 18760.21, 10]"
980,"[0.4, np.float64(0.5738791623171935), 1.5252808792586623, 15893.26, 8]"
981,"[1.0, np.float64(0.5738791623171935), 0.5269959776079203, 38800.2, 15]"
982,"[0.2, np.float64(0.5738791623171935), 1.731319291489071, 80296.44, 36]"
983,"[0.4, np.float64(0.5738791623171935), 0.6643141922666957, 32235.99, 10]"
984,"[0.6, np.float64(0.5738791623171935), 2.1336995470007016, 23999.42, 11]"
985,"[0.9, np.float64(0.5738791623171935), 0.8588797030485648, 95661.70999999999, 45]"
986,"[0.2, np.float64(0.5738791623171935), 2.5206097480783782, 71257.01, 31]"
987,"[0.6, np.float64(0.5738791623171935), 2.933004595956141, 46729.5, 19]"
988,"[0.4, np.float64(0.5738791623171935), 0.8234554157934143, 87689.86, 34]"
989,"[0.4, np.float64(0.5738791623171935), 0.643411515192132, 85613.69, 39]"
990,"[0.20000000000000004, np.float64(0.5738791623171935), 2.729041953514877, 105031.36, 48]"
991,"[0.20000000000000004, np.float64(0.5738791623171935), 1.6816787520482652, 93871.52, 41]"
992,"[0.2, np.float64(0.5738791623171935), 2.2353043711341996, 98376.56999999999, 38]"
993,"[0.2, np.float64(0.5738791623171935), 1.318871803032484, 57400.91, 22]"
994,"[0.19999999999999998, np.float64(0.5738791623171935), 1.0386678707985448, 111493.21, 43]"
995,"[0.2, np.float64(0.5738791623171935), 0.49225572529375744, 90414.27, 30]"
996,"[0.6, np.float64(0.5738791623171935), 2.832567405787703, 118478.55, 47]"
997,"[0.2, np.float64(0.5738791623171935), 2.2753320722680286, 77967.94, 35]"
998,"[0.4, np.float64(0.5738791623171935), 0.7940378413068815, 47262.78, 25]"
999,"[0.6, np.float64(0.5738791623171935), 1.0008774201691388, 10392.99, 5]"
1000,"[0.2, np.float64(0.5738791623171935), 1.859597952394105, 110473.88, 44]"
